날짜,구독자,누적 구독자,구독자 전일 대비 변화율(%),유효 조회수,유효 조회수 전일 대비 변화율(%),조회수,조회수 전일 대비 변화율(%),시청 시간(단위: 시간),시청 시간 전일 대비 변화율(%),평균 시청 지속 시간
2017-11-26,0,0,,0,,0,,0,,
2017-11-27,0,0,,0,,0,,0,,
2017-11-28,0,0,,0,,0,,0,,
2017-11-29,0,0,,0,,0,,0,,
2017-11-30,0,0,,0,,0,,0,,
2017-12-01,0,0,,0,,0,,0,,
2017-12-02,0,0,,0,,0,,0,,
2017-12-03,0,0,,0,,0,,0,,
2017-12-04,0,0,,0,,0,,0,,
2017-12-05,0,0,,0,,0,,0,,
2017-12-06,0,0,,0,,0,,0,,
2017-12-07,0,0,,0,,0,,0,,
2017-12-08,0,0,,0,,0,,0,,
2017-12-09,0,0,,0,,0,,0,,
2017-12-10,0,0,,0,,0,,0,,
2017-12-11,0,0,,0,,0,,0,,
2017-12-12,0,0,,0,,0,,0,,
2017-12-13,0,0,,0,,0,,0,,
2017-12-14,0,0,,0,,0,,0,,
2017-12-15,0,0,,0,,0,,0,,
2017-12-16,0,0,,0,,0,,0,,
2017-12-17,0,0,,0,,0,,0,,
2017-12-18,0,0,,0,,0,,0,,
2017-12-19,0,0,,0,,0,,0,,
2017-12-20,0,0,,0,,0,,0,,
2017-12-21,0,0,,0,,0,,0,,
2017-12-22,0,0,,0,,0,,0,,
2017-12-23,0,0,,0,,0,,0,,
2017-12-24,0,0,,0,,0,,0,,
2017-12-25,0,0,,0,,0,,0,,
2017-12-26,0,0,,0,,0,,0,,
2017-12-27,0,0,,0,,0,,0,,
2017-12-28,0,0,,4,,4,,0.0416,,0:00:37
2017-12-29,2,2,,11,175.0,11,175.0,0.1007,142.1,0:00:32
2017-12-30,0,2,0.0,7,-36.4,7,-36.4,0.0326,-67.6,0:00:16
2017-12-31,0,2,0.0,3,-57.1,3,-57.1,0.0752,130.7,0:01:30
2018-01-01,0,2,0.0,3,0.0,3,0.0,0.0277,-63.2,0:00:33
2018-01-02,0,2,0.0,3,0.0,3,0.0,0.0032,-88.4,0:00:03
2018-01-03,0,2,0.0,0,-100.0,0,-100.0,0,-100.0,
2018-01-04,0,2,0.0,0,,0,,0,,
2018-01-05,0,2,0.0,0,,0,,0,,
2018-01-06,0,2,0.0,0,,0,,0,,
2018-01-07,0,2,0.0,0,,0,,0,,
2018-01-08,0,2,0.0,0,,0,,0,,
2018-01-09,0,2,0.0,2,,2,,0.0126,,0:00:22
2018-01-10,0,2,0.0,0,-100.0,0,-100.0,0,-100.0,
2018-01-11,0,2,0.0,0,,0,,0,,
2018-01-12,0,2,0.0,0,,0,,0,,
2018-01-13,0,2,0.0,0,,0,,0,,
2018-01-14,0,2,0.0,1,,1,,0.0289,,0:01:44
2018-01-15,0,2,0.0,0,-100.0,0,-100.0,0,-100.0,
2018-01-16,0,2,0.0,0,,0,,0,,
2018-01-17,0,2,0.0,0,,0,,0,,
2018-01-18,0,2,0.0,0,,0,,0,,
2018-01-19,0,2,0.0,0,,0,,0,,
2018-01-20,0,2,0.0,0,,0,,0,,
2018-01-21,0,2,0.0,0,,0,,0,,
2018-01-22,0,2,0.0,1,,1,,0.0008,,0:00:02
2018-01-23,0,2,0.0,1,0.0,1,0.0,0.0283,3437.5,0:01:41
2018-01-24,0,2,0.0,0,-100.0,0,-100.0,0,-100.0,
2018-01-25,0,2,0.0,0,,0,,0,,
2018-01-26,0,2,0.0,0,,0,,0,,
2018-01-27,0,2,0.0,0,,0,,0,,
2018-01-28,0,2,0.0,1,,1,,0,,0:00:00
2018-01-29,0,2,0.0,0,-100.0,0,-100.0,0,,
2018-01-30,0,2,0.0,2,,2,,0.0155,,0:00:27
2018-01-31,0,2,0.0,1,-50.0,1,-50.0,0.0207,33.5,0:01:14
2018-02-01,0,2,0.0,0,-100.0,0,-100.0,0,-100.0,
2018-02-02,1,3,50.0,1,,1,,0.0033,,0:00:12
2018-02-03,0,3,0.0,0,-100.0,0,-100.0,0,-100.0,
2018-02-04,0,3,0.0,0,,0,,0,,
2018-02-05,0,3,0.0,0,,0,,0,,
2018-02-06,0,3,0.0,0,,0,,0,,
2018-02-07,0,3,0.0,1,,1,,0.0009,,0:00:03
2018-02-08,0,3,0.0,1,0.0,1,0.0,0.0136,1411.1,0:00:49
2018-02-09,0,3,0.0,0,-100.0,0,-100.0,0,-100.0,
2018-02-10,0,3,0.0,0,,0,,0,,
2018-02-11,0,3,0.0,0,,0,,0,,
2018-02-12,0,3,0.0,3,,3,,0.0086,,0:00:10
2018-02-13,0,3,0.0,2,-33.3,2,-33.3,0.0017,-80.2,0:00:03
2018-02-14,0,3,0.0,0,-100.0,0,-100.0,0,-100.0,
2018-02-15,0,3,0.0,0,,0,,0,,
2018-02-16,0,3,0.0,0,,0,,0,,
2018-02-17,0,3,0.0,0,,0,,0,,
2018-02-18,0,3,0.0,0,,0,,0,,
2018-02-19,0,3,0.0,0,,0,,0,,
2018-02-20,0,3,0.0,0,,0,,0,,
2018-02-21,0,3,0.0,0,,0,,0,,
2018-02-22,0,3,0.0,0,,0,,0,,
2018-02-23,0,3,0.0,0,,0,,0,,
2018-02-24,0,3,0.0,0,,0,,0,,
2018-02-25,0,3,0.0,0,,0,,0,,
2018-02-26,0,3,0.0,1,,1,,0.0025,,0:00:09
2018-02-27,0,3,0.0,0,-100.0,0,-100.0,0,-100.0,
2018-02-28,0,3,0.0,0,,0,,0,,
2018-03-01,0,3,0.0,0,,0,,0,,
2018-03-02,0,3,0.0,1,,1,,0.0267,,0:01:36
2018-03-03,0,3,0.0,0,-100.0,0,-100.0,0,-100.0,
2018-03-04,0,3,0.0,0,,0,,0,,
2018-03-05,0,3,0.0,0,,0,,0,,
2018-03-06,0,3,0.0,0,,0,,0,,
2018-03-07,0,3,0.0,0,,0,,0,,
2018-03-08,0,3,0.0,0,,0,,0,,
2018-03-09,0,3,0.0,0,,0,,0,,
2018-03-10,0,3,0.0,0,,0,,0,,
2018-03-11,0,3,0.0,0,,0,,0,,
2018-03-12,0,3,0.0,0,,0,,0,,
2018-03-13,0,3,0.0,0,,0,,0,,
2018-03-14,0,3,0.0,0,,0,,0,,
2018-03-15,0,3,0.0,0,,0,,0,,
2018-03-16,0,3,0.0,0,,0,,0,,
2018-03-17,0,3,0.0,0,,0,,0,,
2018-03-18,0,3,0.0,0,,0,,0,,
2018-03-19,0,3,0.0,0,,0,,0,,
2018-03-20,0,3,0.0,0,,0,,0,,
2018-03-21,0,3,0.0,0,,0,,0,,
2018-03-22,0,3,0.0,0,,0,,0,,
2018-03-23,0,3,0.0,0,,0,,0,,
2018-03-24,0,3,0.0,0,,0,,0,,
2018-03-25,0,3,0.0,0,,0,,0,,
2018-03-26,0,3,0.0,0,,0,,0,,
2018-03-27,0,3,0.0,0,,0,,0,,
2018-03-28,0,3,0.0,0,,0,,0,,
2018-03-29,0,3,0.0,0,,0,,0,,
2018-03-30,0,3,0.0,0,,0,,0,,
2018-03-31,0,3,0.0,1,,1,,0.0008,,0:00:03
2018-04-01,0,3,0.0,0,-100.0,0,-100.0,0,-100.0,
2018-04-02,0,3,0.0,0,,0,,0,,
2018-04-03,0,3,0.0,0,,0,,0,,
2018-04-04,0,3,0.0,1,,1,,0.0218,,0:01:18
2018-04-05,0,3,0.0,1,0.0,1,0.0,0.0289,32.6,0:01:44
2018-04-06,0,3,0.0,0,-100.0,0,-100.0,0,-100.0,
2018-04-07,0,3,0.0,0,,0,,0,,
2018-04-08,0,3,0.0,0,,0,,0,,
2018-04-09,0,3,0.0,0,,0,,0,,
2018-04-10,0,3,0.0,0,,0,,0,,
2018-04-11,0,3,0.0,0,,0,,0,,
2018-04-12,0,3,0.0,0,,0,,0,,
2018-04-13,0,3,0.0,0,,0,,0,,
2018-04-14,0,3,0.0,0,,0,,0,,
2018-04-15,0,3,0.0,0,,0,,0,,
2018-04-16,0,3,0.0,0,,0,,0,,
2018-04-17,0,3,0.0,0,,0,,0,,
2018-04-18,0,3,0.0,0,,0,,0,,
2018-04-19,0,3,0.0,0,,0,,0,,
2018-04-20,0,3,0.0,0,,0,,0,,
2018-04-21,0,3,0.0,1,,1,,0.002,,0:00:07
2018-04-22,0,3,0.0,1,0.0,1,0.0,0.0056,180.0,0:00:20
2018-04-23,0,3,0.0,0,-100.0,0,-100.0,0,-100.0,
2018-04-24,0,3,0.0,0,,0,,0,,
2018-04-25,0,3,0.0,0,,0,,0,,
2018-04-26,0,3,0.0,0,,0,,0,,
2018-04-27,0,3,0.0,0,,0,,0,,
2018-04-28,0,3,0.0,0,,0,,0,,
2018-04-29,0,3,0.0,0,,0,,0,,
2018-04-30,0,3,0.0,0,,0,,0,,
2018-05-01,0,3,0.0,0,,0,,0,,
2018-05-02,0,3,0.0,0,,0,,0,,
2018-05-03,0,3,0.0,0,,0,,0,,
2018-05-04,0,3,0.0,0,,0,,0,,
2018-05-05,0,3,0.0,1,,1,,0.0044,,0:00:15
2018-05-06,0,3,0.0,0,-100.0,0,-100.0,0,-100.0,
2018-05-07,0,3,0.0,0,,0,,0,,
2018-05-08,0,3,0.0,0,,0,,0,,
2018-05-09,0,3,0.0,0,,0,,0,,
2018-05-10,0,3,0.0,0,,0,,0,,
2018-05-11,0,3,0.0,0,,0,,0,,
2018-05-12,0,3,0.0,0,,0,,0,,
2018-05-13,0,3,0.0,0,,0,,0,,
2018-05-14,0,3,0.0,0,,0,,0,,
2018-05-15,0,3,0.0,0,,0,,0,,
2018-05-16,0,3,0.0,0,,0,,0,,
2018-05-17,0,3,0.0,0,,0,,0,,
2018-05-18,0,3,0.0,0,,0,,0,,
2018-05-19,0,3,0.0,0,,0,,0,,
2018-05-20,0,3,0.0,0,,0,,0,,
2018-05-21,0,3,0.0,0,,0,,0,,
2018-05-22,0,3,0.0,0,,0,,0,,
2018-05-23,0,3,0.0,0,,0,,0,,
2018-05-24,0,3,0.0,0,,0,,0,,
2018-05-25,-1,2,-33.3,0,,0,,0,,
2018-05-26,0,2,0.0,0,,0,,0,,
2018-05-27,0,2,0.0,0,,0,,0,,
2018-05-28,0,2,0.0,0,,0,,0,,
2018-05-29,0,2,0.0,0,,0,,0,,
2018-05-30,0,2,0.0,0,,0,,0,,
2018-05-31,0,2,0.0,0,,0,,0,,
2018-06-01,0,2,0.0,0,,0,,0,,
2018-06-02,0,2,0.0,0,,0,,0,,
2018-06-03,0,2,0.0,0,,0,,0,,
2018-06-04,0,2,0.0,0,,0,,0,,
2018-06-05,0,2,0.0,0,,0,,0,,
2018-06-06,0,2,0.0,0,,0,,0,,
2018-06-07,0,2,0.0,0,,0,,0,,
2018-06-08,0,2,0.0,1,,1,,0.0212,,0:01:16
2018-06-09,0,2,0.0,0,-100.0,0,-100.0,0,-100.0,
2018-06-10,0,2,0.0,0,,0,,0,,
2018-06-11,0,2,0.0,0,,0,,0,,
2018-06-12,0,2,0.0,0,,0,,0,,
2018-06-13,0,2,0.0,0,,0,,0,,
2018-06-14,0,2,0.0,0,,0,,0,,
2018-06-15,0,2,0.0,0,,0,,0,,
2018-06-16,0,2,0.0,0,,0,,0,,
2018-06-17,0,2,0.0,0,,0,,0,,
2018-06-18,0,2,0.0,0,,0,,0,,
2018-06-19,0,2,0.0,0,,0,,0,,
2018-06-20,0,2,0.0,0,,0,,0,,
2018-06-21,0,2,0.0,0,,0,,0,,
2018-06-22,0,2,0.0,0,,0,,0,,
2018-06-23,0,2,0.0,0,,0,,0,,
2018-06-24,0,2,0.0,0,,0,,0,,
2018-06-25,0,2,0.0,0,,0,,0,,
2018-06-26,0,2,0.0,0,,0,,0,,
2018-06-27,0,2,0.0,0,,0,,0,,
2018-06-28,0,2,0.0,0,,0,,0,,
2018-06-29,0,2,0.0,0,,0,,0,,
2018-06-30,0,2,0.0,0,,0,,0,,
2018-07-01,0,2,0.0,0,,0,,0,,
2018-07-02,0,2,0.0,0,,0,,0,,
2018-07-03,0,2,0.0,0,,0,,0,,
2018-07-04,0,2,0.0,0,,0,,0,,
2018-07-05,0,2,0.0,2,,2,,0.029,,0:00:52
2018-07-06,0,2,0.0,0,-100.0,0,-100.0,0,-100.0,
2018-07-07,0,2,0.0,0,,0,,0,,
2018-07-08,0,2,0.0,0,,0,,0,,
2018-07-09,0,2,0.0,0,,0,,0,,
2018-07-10,0,2,0.0,0,,0,,0,,
2018-07-11,0,2,0.0,0,,0,,0,,
2018-07-12,0,2,0.0,0,,0,,0,,
2018-07-13,0,2,0.0,0,,0,,0,,
2018-07-14,0,2,0.0,0,,0,,0,,
2018-07-15,0,2,0.0,0,,0,,0,,
2018-07-16,0,2,0.0,0,,0,,0,,
2018-07-17,0,2,0.0,0,,0,,0,,
2018-07-18,0,2,0.0,0,,0,,0,,
2018-07-19,0,2,0.0,0,,0,,0,,
2018-07-20,0,2,0.0,6,,6,,0.1353,,0:01:21
2018-07-21,0,2,0.0,0,-100.0,0,-100.0,0,-100.0,
2018-07-22,0,2,0.0,0,,0,,0,,
2018-07-23,0,2,0.0,0,,0,,0,,
2018-07-24,0,2,0.0,0,,0,,0,,
2018-07-25,0,2,0.0,0,,0,,0,,
2018-07-26,0,2,0.0,0,,0,,0,,
2018-07-27,0,2,0.0,0,,0,,0,,
2018-07-28,0,2,0.0,0,,0,,0,,
2018-07-29,0,2,0.0,0,,0,,0,,
2018-07-30,0,2,0.0,0,,0,,0,,
2018-07-31,0,2,0.0,0,,0,,0,,
2018-08-01,0,2,0.0,0,,0,,0,,
2018-08-02,0,2,0.0,0,,0,,0,,
2018-08-03,0,2,0.0,0,,0,,0,,
2018-08-04,0,2,0.0,0,,0,,0,,
2018-08-05,0,2,0.0,0,,0,,0,,
2018-08-06,0,2,0.0,0,,0,,0,,
2018-08-07,0,2,0.0,0,,0,,0,,
2018-08-08,0,2,0.0,0,,0,,0,,
2018-08-09,0,2,0.0,0,,0,,0,,
2018-08-10,0,2,0.0,0,,0,,0,,
2018-08-11,0,2,0.0,0,,0,,0,,
2018-08-12,0,2,0.0,0,,0,,0,,
2018-08-13,0,2,0.0,0,,0,,0,,
2018-08-14,0,2,0.0,0,,0,,0,,
2018-08-15,0,2,0.0,0,,0,,0,,
2018-08-16,0,2,0.0,0,,0,,0,,
2018-08-17,0,2,0.0,0,,0,,0,,
2018-08-18,0,2,0.0,0,,0,,0,,
2018-08-19,0,2,0.0,0,,0,,0,,
2018-08-20,0,2,0.0,0,,0,,0,,
2018-08-21,0,2,0.0,0,,0,,0,,
2018-08-22,0,2,0.0,0,,0,,0,,
2018-08-23,0,2,0.0,0,,0,,0,,
2018-08-24,0,2,0.0,0,,0,,0,,
2018-08-25,0,2,0.0,0,,0,,0,,
2018-08-26,0,2,0.0,0,,0,,0,,
2018-08-27,0,2,0.0,0,,0,,0,,
2018-08-28,0,2,0.0,0,,0,,0,,
2018-08-29,0,2,0.0,0,,0,,0,,
2018-08-30,0,2,0.0,0,,0,,0,,
2018-08-31,0,2,0.0,0,,0,,0,,
2018-09-01,0,2,0.0,0,,0,,0,,
2018-09-02,0,2,0.0,0,,0,,0,,
2018-09-03,0,2,0.0,0,,0,,0,,
2018-09-04,0,2,0.0,0,,0,,0,,
2018-09-05,0,2,0.0,0,,0,,0,,
2018-09-06,0,2,0.0,0,,0,,0,,
2018-09-07,0,2,0.0,0,,0,,0,,
2018-09-08,0,2,0.0,0,,0,,0,,
2018-09-09,0,2,0.0,0,,0,,0,,
2018-09-10,0,2,0.0,0,,0,,0,,
2018-09-11,0,2,0.0,0,,0,,0,,
2018-09-12,0,2,0.0,0,,0,,0,,
2018-09-13,0,2,0.0,0,,0,,0,,
2018-09-14,0,2,0.0,2,,2,,0.0399,,0:01:11
2018-09-15,0,2,0.0,0,-100.0,0,-100.0,0,-100.0,
2018-09-16,0,2,0.0,0,,0,,0,,
2018-09-17,0,2,0.0,0,,0,,0,,
2018-09-18,0,2,0.0,0,,0,,0,,
2018-09-19,0,2,0.0,1,,1,,0.0241,,0:01:26
2018-09-20,0,2,0.0,2,100.0,2,100.0,0.0249,3.3,0:00:44
2018-09-21,0,2,0.0,5,150.0,5,150.0,0.152,510.4,0:01:49
2018-09-22,0,2,0.0,0,-100.0,0,-100.0,0,-100.0,
2018-09-23,0,2,0.0,5,,5,,0.0214,,0:00:15
2018-09-24,0,2,0.0,0,-100.0,0,-100.0,0,-100.0,
2018-09-25,0,2,0.0,1,,1,,0.0166,,0:00:59
2018-09-26,0,2,0.0,0,-100.0,0,-100.0,0,-100.0,
2018-09-27,0,2,0.0,1,,1,,0.0176,,0:01:03
2018-09-28,3,5,150.0,18,1700.0,18,1700.0,0.1797,921.0,0:00:35
2018-09-29,1,6,20.0,3,-83.3,3,-83.3,0.0355,-80.2,0:00:42
2018-09-30,0,6,0.0,1,-66.7,1,-66.7,0.008,-77.5,0:00:28
2018-10-01,0,6,0.0,0,-100.0,0,-100.0,0,-100.0,
2018-10-02,0,6,0.0,1,,1,,0.0117,,0:00:42
2018-10-03,0,6,0.0,3,200.0,3,200.0,0.0481,311.1,0:00:57
2018-10-04,0,6,0.0,1,-66.7,1,-66.7,0.0399,-17.0,0:02:23
2018-10-05,0,6,0.0,3,200.0,3,200.0,0.0336,-15.8,0:00:40
2018-10-06,1,7,16.7,6,100.0,6,100.0,0.1143,240.2,0:01:08
2018-10-07,0,7,0.0,2,-66.7,2,-66.7,0.0066,-94.2,0:00:11
2018-10-08,0,7,0.0,1,-50.0,1,-50.0,0.0135,104.5,0:00:48
2018-10-09,0,7,0.0,9,800.0,9,800.0,0.0272,101.5,0:00:10
2018-10-10,0,7,0.0,7,-22.2,7,-22.2,0.161,491.9,0:01:22
2018-10-11,1,8,14.3,7,0.0,7,0.0,0.2206,37.0,0:01:53
2018-10-12,0,8,0.0,5,-28.6,5,-28.6,0.0374,-83.0,0:00:26
2018-10-13,0,8,0.0,7,40.0,7,40.0,0.1207,222.7,0:01:02
2018-10-14,0,8,0.0,3,-57.1,3,-57.1,0.0354,-70.7,0:00:42
2018-10-15,1,9,12.5,29,866.7,29,866.7,0.3177,797.5,0:00:39
2018-10-16,1,10,11.1,7,-75.9,7,-75.9,0.0943,-70.3,0:00:48
2018-10-17,0,10,0.0,28,300.0,28,300.0,0.2471,162.0,0:00:31
2018-10-18,0,10,0.0,8,-71.4,8,-71.4,0.1235,-50.0,0:00:55
2018-10-19,0,10,0.0,12,50.0,12,50.0,0.0969,-21.5,0:00:29
2018-10-20,0,10,0.0,10,-16.7,10,-16.7,0.0707,-27.0,0:00:25
2018-10-21,0,10,0.0,6,-40.0,6,-40.0,0.0405,-42.7,0:00:24
2018-10-22,0,10,0.0,2,-66.7,2,-66.7,0.0058,-85.7,0:00:10
2018-10-23,0,10,0.0,3,50.0,3,50.0,0.0054,-6.9,0:00:06
2018-10-24,0,10,0.0,9,200.0,9,200.0,0.089,1548.1,0:00:35
2018-10-25,1,11,10.0,5,-44.4,5,-44.4,0.026,-70.8,0:00:18
2018-10-26,0,11,0.0,16,220.0,16,220.0,0.1834,605.4,0:00:41
2018-10-27,0,11,0.0,0,-100.0,0,-100.0,0,-100.0,
2018-10-28,-1,10,-9.1,19,,19,,0.1618,,0:00:30
2018-10-29,0,10,0.0,1,-94.7,1,-94.7,0.0011,-99.3,0:00:04
2018-10-30,0,10,0.0,0,-100.0,0,-100.0,0,-100.0,
2018-10-31,0,10,0.0,1,,1,,0.0008,,0:00:02
2018-11-01,0,10,0.0,1,0.0,1,0.0,0.0164,1950.0,0:00:59
2018-11-02,0,10,0.0,11,1000.0,11,1000.0,0.0657,300.6,0:00:21
2018-11-03,0,10,0.0,13,18.2,13,18.2,0.1435,118.4,0:00:39
2018-11-04,0,10,0.0,1,-92.3,1,-92.3,0.0031,-97.8,0:00:11
2018-11-05,0,10,0.0,0,-100.0,0,-100.0,0,-100.0,
2018-11-06,0,10,0.0,0,,0,,0,,
2018-11-07,0,10,0.0,20,,20,,0.0689,,0:00:12
2018-11-08,0,10,0.0,0,-100.0,0,-100.0,0,-100.0,
2018-11-09,0,10,0.0,9,,9,,0.0116,,0:00:04
2018-11-10,0,10,0.0,0,-100.0,0,-100.0,0,-100.0,
2018-11-11,0,10,0.0,4,,4,,0.0298,,0:00:26
2018-11-12,0,10,0.0,0,-100.0,0,-100.0,0,-100.0,
2018-11-13,0,10,0.0,2,,2,,0.0069,,0:00:12
2018-11-14,0,10,0.0,8,300.0,8,300.0,0.0349,405.8,0:00:15
2018-11-15,0,10,0.0,2,-75.0,2,-75.0,0.0014,-96.0,0:00:02
2018-11-16,0,10,0.0,10,400.0,10,400.0,0.0202,1342.9,0:00:07
2018-11-17,0,10,0.0,1,-90.0,1,-90.0,0.0047,-76.7,0:00:17
2018-11-18,0,10,0.0,0,-100.0,0,-100.0,0,-100.0,
2018-11-19,0,10,0.0,0,,0,,0,,
2018-11-20,0,10,0.0,8,,8,,0.0033,,0:00:01
2018-11-21,0,10,0.0,19,137.5,19,137.5,0.0413,1151.5,0:00:07
2018-11-22,0,10,0.0,1,-94.7,1,-94.7,0.0124,-70.0,0:00:44
2018-11-23,0,10,0.0,19,1800.0,19,1800.0,0.1148,825.8,0:00:21
2018-11-24,0,10,0.0,3,-84.2,3,-84.2,0.0436,-62.0,0:00:52
2018-11-25,0,10,0.0,1,-66.7,1,-66.7,0.0381,-12.6,0:02:17
2018-11-26,0,10,0.0,3,200.0,3,200.0,0.0332,-12.9,0:00:39
2018-11-27,0,10,0.0,1,-66.7,1,-66.7,0.019,-42.8,0:01:08
2018-11-28,0,10,0.0,1,0.0,1,0.0,0.0006,-96.8,0:00:02
2018-11-29,0,10,0.0,1,0.0,1,0.0,0.0025,316.7,0:00:09
2018-11-30,0,10,0.0,1,0.0,1,0.0,0.0222,788.0,0:01:19
2018-12-01,1,11,10.0,47,4600.0,47,4600.0,0.3598,1520.7,0:00:27
2018-12-02,0,11,0.0,13,-72.3,13,-72.3,0.1414,-60.7,0:00:39
2018-12-03,0,11,0.0,7,-46.2,7,-46.2,0.1227,-13.2,0:01:03
2018-12-04,0,11,0.0,4,-42.9,4,-42.9,0.0435,-64.5,0:00:39
2018-12-05,0,11,0.0,2,-50.0,2,-50.0,0.0567,30.3,0:01:42
2018-12-06,0,11,0.0,0,-100.0,0,-100.0,0,-100.0,
2018-12-07,0,11,0.0,21,,21,,0.0967,,0:00:16
2018-12-08,0,11,0.0,1,-95.2,1,-95.2,0.045,-53.5,0:02:41
2018-12-09,0,11,0.0,3,200.0,3,200.0,0.0144,-68.0,0:00:17
2018-12-10,0,11,0.0,1,-66.7,1,-66.7,0.0135,-6.3,0:00:48
2018-12-11,0,11,0.0,0,-100.0,0,-100.0,0,-100.0,
2018-12-12,0,11,0.0,6,,6,,0.0381,,0:00:22
2018-12-13,0,11,0.0,1,-83.3,1,-83.3,0.0025,-93.4,0:00:09
2018-12-14,0,11,0.0,1,0.0,1,0.0,0.0143,472.0,0:00:51
2018-12-15,0,11,0.0,0,-100.0,0,-100.0,0,-100.0,
2018-12-16,0,11,0.0,2,,2,,0.0127,,0:00:22
2018-12-17,0,11,0.0,0,-100.0,0,-100.0,0,-100.0,
2018-12-18,1,12,9.1,7,,7,,0.0582,,0:00:29
2018-12-19,0,12,0.0,0,-100.0,0,-100.0,0,-100.0,
2018-12-20,0,12,0.0,1,,1,,0.045,,0:02:41
2018-12-21,0,12,0.0,8,700.0,8,700.0,0.1196,165.8,0:00:53
2018-12-22,0,12,0.0,2,-75.0,2,-75.0,0.0092,-92.3,0:00:16
2018-12-23,0,12,0.0,5,150.0,5,150.0,0.076,726.1,0:00:54
2018-12-24,1,13,8.3,18,260.0,18,260.0,0.2715,257.2,0:00:54
2018-12-25,0,13,0.0,3,-83.3,3,-83.3,0.0583,-78.5,0:01:09
2018-12-26,0,13,0.0,2,-33.3,2,-33.3,0.0932,59.9,0:02:47
2018-12-27,0,13,0.0,3,50.0,3,50.0,0.0088,-90.6,0:00:10
2018-12-28,0,13,0.0,4,33.3,4,33.3,0.0867,885.2,0:01:17
2018-12-29,0,13,0.0,18,350.0,18,350.0,0.1268,46.3,0:00:25
2018-12-30,0,13,0.0,16,-11.1,16,-11.1,0.1517,19.6,0:00:34
2018-12-31,1,14,7.7,21,31.3,21,31.3,0.1938,27.8,0:00:33
2019-01-01,0,14,0.0,2,-90.5,2,-90.5,0.0035,-98.2,0:00:06
2019-01-02,1,15,7.1,12,500.0,12,500.0,0.2631,7417.1,0:01:18
2019-01-03,-1,14,-6.7,12,0.0,12,0.0,0.2351,-10.6,0:01:10
2019-01-04,0,14,0.0,24,100.0,24,100.0,0.2065,-12.2,0:00:30
2019-01-05,0,14,0.0,32,33.3,32,33.3,0.0358,-82.7,0:00:04
2019-01-06,0,14,0.0,4,-87.5,4,-87.5,0.0344,-3.9,0:00:31
2019-01-07,0,14,0.0,5,25.0,5,25.0,0.0765,122.4,0:00:55
2019-01-08,0,14,0.0,13,160.0,13,160.0,0.1422,85.9,0:00:39
2019-01-09,0,14,0.0,3,-76.9,3,-76.9,0.0282,-80.2,0:00:33
2019-01-10,0,14,0.0,6,100.0,6,100.0,0.0843,198.9,0:00:50
2019-01-11,0,14,0.0,7,16.7,7,16.7,0.1504,78.4,0:01:17
2019-01-12,1,15,7.1,30,328.6,30,328.6,0.3996,165.7,0:00:47
2019-01-13,0,15,0.0,12,-60.0,12,-60.0,0.0975,-75.6,0:00:29
2019-01-14,0,15,0.0,9,-25.0,9,-25.0,0.0805,-17.4,0:00:32
2019-01-15,0,15,0.0,6,-33.3,6,-33.3,0.049,-39.1,0:00:29
2019-01-16,0,15,0.0,8,33.3,8,33.3,0.0874,78.4,0:00:39
2019-01-17,0,15,0.0,12,50.0,12,50.0,0.1905,118.0,0:00:57
2019-01-18,0,15,0.0,18,50.0,18,50.0,0.2221,16.6,0:00:44
2019-01-19,0,15,0.0,28,55.6,28,55.6,0.3391,52.7,0:00:43
2019-01-20,0,15,0.0,22,-21.4,22,-21.4,0.2669,-21.3,0:00:43
2019-01-21,0,15,0.0,7,-68.2,7,-68.2,0.1289,-51.7,0:01:06
2019-01-22,0,15,0.0,20,185.7,20,185.7,0.2406,86.7,0:00:43
2019-01-23,0,15,0.0,15,-25.0,15,-25.0,0.2199,-8.6,0:00:52
2019-01-24,0,15,0.0,11,-26.7,11,-26.7,0.1864,-15.2,0:01:01
2019-01-25,0,15,0.0,18,63.6,18,63.6,0.1817,-2.5,0:00:36
2019-01-26,0,15,0.0,25,38.9,25,38.9,0.4851,167.0,0:01:09
2019-01-27,0,15,0.0,14,-44.0,14,-44.0,0.2161,-55.5,0:00:55
2019-01-28,0,15,0.0,19,35.7,19,35.7,0.2148,-0.6,0:00:40
2019-01-29,0,15,0.0,9,-52.6,9,-52.6,0.134,-37.6,0:00:53
2019-01-30,0,15,0.0,6,-33.3,6,-33.3,0.1207,-9.9,0:01:12
2019-01-31,0,15,0.0,13,116.7,13,116.7,0.1315,8.9,0:00:36
2019-02-01,0,15,0.0,16,23.1,16,23.1,0.2946,124.0,0:01:06
2019-02-02,0,15,0.0,19,18.8,19,18.8,0.2916,-1.0,0:00:55
2019-02-03,0,15,0.0,20,5.3,20,5.3,0.1892,-35.1,0:00:34
2019-02-04,0,15,0.0,14,-30.0,14,-30.0,0.1666,-11.9,0:00:42
2019-02-05,1,16,6.7,17,21.4,17,21.4,0.3165,90.0,0:01:07
2019-02-06,0,16,0.0,11,-35.3,11,-35.3,0.1363,-56.9,0:00:44
2019-02-07,0,16,0.0,4,-63.6,4,-63.6,0.0251,-81.6,0:00:22
2019-02-08,1,17,6.3,10,150.0,10,150.0,0.1272,406.8,0:00:45
2019-02-09,0,17,0.0,12,20.0,12,20.0,0.2184,71.7,0:01:05
2019-02-10,0,17,0.0,23,91.7,23,91.7,0.3258,49.2,0:00:51
2019-02-11,0,17,0.0,13,-43.5,13,-43.5,0.1494,-54.1,0:00:41
2019-02-12,1,18,5.9,4,-69.2,4,-69.2,0.015,-90.0,0:00:13
2019-02-13,0,18,0.0,20,400.0,20,400.0,0.3288,2092.0,0:00:59
2019-02-14,0,18,0.0,17,-15.0,17,-15.0,0.226,-31.3,0:00:47
2019-02-15,0,18,0.0,16,-5.9,16,-5.9,0.3355,48.5,0:01:15
2019-02-16,0,18,0.0,14,-12.5,14,-12.5,0.2582,-23.0,0:01:06
2019-02-17,0,18,0.0,14,0.0,14,0.0,0.2165,-16.2,0:00:55
2019-02-18,0,18,0.0,8,-42.9,8,-42.9,0.1358,-37.3,0:01:01
2019-02-19,0,18,0.0,12,50.0,12,50.0,0.1648,21.4,0:00:49
2019-02-20,0,18,0.0,17,41.7,17,41.7,0.2807,70.3,0:00:59
2019-02-21,0,18,0.0,16,-5.9,16,-5.9,0.1761,-37.3,0:00:39
2019-02-22,0,18,0.0,11,-31.3,11,-31.3,0.1504,-14.6,0:00:49
2019-02-23,0,18,0.0,56,409.1,56,409.1,0.6278,317.4,0:00:40
2019-02-24,0,18,0.0,17,-69.6,17,-69.6,0.2913,-53.6,0:01:01
2019-02-25,0,18,0.0,8,-52.9,8,-52.9,0.1248,-57.2,0:00:56
2019-02-26,0,18,0.0,25,212.5,25,212.5,0.2146,72.0,0:00:30
2019-02-27,0,18,0.0,12,-52.0,12,-52.0,0.1715,-20.1,0:00:51
2019-02-28,0,18,0.0,9,-25.0,9,-25.0,0.1277,-25.5,0:00:51
2019-03-01,0,18,0.0,17,88.9,17,88.9,0.2157,68.9,0:00:45
2019-03-02,0,18,0.0,10,-41.2,10,-41.2,0.0914,-57.6,0:00:32
2019-03-03,1,19,5.6,20,100.0,20,100.0,0.1359,48.7,0:00:24
2019-03-04,0,19,0.0,8,-60.0,8,-60.0,0.0864,-36.4,0:00:38
2019-03-05,0,19,0.0,10,25.0,10,25.0,0.1016,17.6,0:00:36
2019-03-06,0,19,0.0,10,0.0,10,0.0,0.1228,20.9,0:00:44
2019-03-07,0,19,0.0,8,-20.0,8,-20.0,0.0648,-47.2,0:00:29
2019-03-08,0,19,0.0,37,362.5,37,362.5,0.5499,748.6,0:00:53
2019-03-09,0,19,0.0,30,-18.9,30,-18.9,0.4036,-26.6,0:00:48
2019-03-10,0,19,0.0,10,-66.7,10,-66.7,0.0582,-85.6,0:00:20
2019-03-11,0,19,0.0,8,-20.0,8,-20.0,0.1059,82.0,0:00:47
2019-03-12,-1,18,-5.3,19,137.5,19,137.5,0.2449,131.3,0:00:46
2019-03-13,0,18,0.0,10,-47.4,10,-47.4,0.0934,-61.9,0:00:33
2019-03-14,0,18,0.0,10,0.0,10,0.0,0.1211,29.7,0:00:43
2019-03-15,-1,17,-5.6,27,170.0,27,170.0,0.3563,194.2,0:00:47
2019-03-16,0,17,0.0,25,-7.4,25,-7.4,0.3165,-11.2,0:00:45
2019-03-17,2,19,11.8,22,-12.0,22,-12.0,0.185,-41.5,0:00:30
2019-03-18,0,19,0.0,4,-81.8,4,-81.8,0.0342,-81.5,0:00:30
2019-03-19,0,19,0.0,11,175.0,11,175.0,0.1605,369.3,0:00:52
2019-03-20,0,19,0.0,11,0.0,11,0.0,0.127,-20.9,0:00:41
2019-03-21,0,19,0.0,28,154.5,28,154.5,0.3096,143.8,0:00:39
2019-03-22,1,20,5.3,29,3.6,29,3.6,0.2332,-24.7,0:00:28
2019-03-23,1,21,5.0,15,-48.3,15,-48.3,0.218,-6.5,0:00:52
2019-03-24,0,21,0.0,15,0.0,15,0.0,0.1713,-21.4,0:00:41
2019-03-25,0,21,0.0,13,-13.3,13,-13.3,0.1592,-7.1,0:00:44
2019-03-26,0,21,0.0,7,-46.2,7,-46.2,0.1072,-32.7,0:00:55
2019-03-27,0,21,0.0,33,371.4,33,371.4,0.4026,275.6,0:00:43
2019-03-28,0,21,0.0,17,-48.5,17,-48.5,0.2056,-48.9,0:00:43
2019-03-29,0,21,0.0,58,241.2,58,241.2,0.7045,242.7,0:00:43
2019-03-30,0,21,0.0,18,-69.0,18,-69.0,0.3239,-54.0,0:01:04
2019-03-31,0,21,0.0,21,16.7,21,16.7,0.2372,-26.8,0:00:40
2019-04-01,0,21,0.0,15,-28.6,15,-28.6,0.2251,-5.1,0:00:54
2019-04-02,0,21,0.0,19,26.7,19,26.7,0.1712,-23.9,0:00:32
2019-04-03,0,21,0.0,6,-68.4,6,-68.4,0.0658,-61.6,0:00:39
2019-04-04,1,22,4.8,12,100.0,12,100.0,0.1593,142.1,0:00:47
2019-04-05,0,22,0.0,10,-16.7,10,-16.7,0.2237,40.4,0:01:20
2019-04-06,1,23,4.5,13,30.0,13,30.0,0.1,-55.3,0:00:27
2019-04-07,0,23,0.0,37,184.6,37,184.6,0.4096,309.6,0:00:39
2019-04-08,0,23,0.0,3,-91.9,3,-91.9,0.0452,-89.0,0:00:54
2019-04-09,0,23,0.0,7,133.3,7,133.3,0.0975,115.7,0:00:50
2019-04-10,0,23,0.0,19,171.4,19,171.4,0.2681,175.0,0:00:50
2019-04-11,0,23,0.0,2,-89.5,2,-89.5,0.0146,-94.6,0:00:26
2019-04-12,0,23,0.0,12,500.0,12,500.0,0.1508,932.9,0:00:45
2019-04-13,0,23,0.0,23,91.7,23,91.7,0.35,132.1,0:00:54
2019-04-14,0,23,0.0,12,-47.8,12,-47.8,0.106,-69.7,0:00:31
2019-04-15,0,23,0.0,4,-66.7,4,-66.7,0.0556,-47.5,0:00:50
2019-04-16,1,24,4.3,10,150.0,10,150.0,0.1377,147.7,0:00:49
2019-04-17,0,24,0.0,5,-50.0,5,-50.0,0.0746,-45.8,0:00:53
2019-04-18,0,24,0.0,9,80.0,9,80.0,0.1156,55.0,0:00:46
2019-04-19,0,24,0.0,13,44.4,13,44.4,0.2777,140.2,0:01:16
2019-04-20,0,24,0.0,11,-15.4,11,-15.4,0.1614,-41.9,0:00:52
2019-04-21,0,24,0.0,3,-72.7,3,-72.7,0.0494,-69.4,0:00:59
2019-04-22,0,24,0.0,7,133.3,7,133.3,0.1255,154.0,0:01:04
2019-04-23,1,25,4.2,9,28.6,9,28.6,0.0573,-54.3,0:00:22
2019-04-24,0,25,0.0,4,-55.6,4,-55.6,0.0503,-12.2,0:00:45
2019-04-25,0,25,0.0,4,0.0,4,0.0,0.0262,-47.9,0:00:23
2019-04-26,1,26,4.0,6,50.0,6,50.0,0.0923,252.3,0:00:55
2019-04-27,0,26,0.0,10,66.7,10,66.7,0.1475,59.8,0:00:53
2019-04-28,0,26,0.0,4,-60.0,4,-60.0,0.0517,-64.9,0:00:46
2019-04-29,0,26,0.0,6,50.0,6,50.0,0.1541,198.1,0:01:32
2019-04-30,0,26,0.0,7,16.7,7,16.7,0.1163,-24.5,0:00:59
2019-05-01,0,26,0.0,10,42.9,10,42.9,0.1684,44.8,0:01:00
2019-05-02,0,26,0.0,6,-40.0,6,-40.0,0.0386,-77.1,0:00:23
2019-05-03,0,26,0.0,16,166.7,16,166.7,0.2186,466.3,0:00:49
2019-05-04,0,26,0.0,39,143.8,39,143.8,0.7009,220.6,0:01:04
2019-05-05,0,26,0.0,8,-79.5,8,-79.5,0.1097,-84.3,0:00:49
2019-05-06,0,26,0.0,4,-50.0,4,-50.0,0.0329,-70.0,0:00:29
2019-05-07,0,26,0.0,7,75.0,7,75.0,0.1005,205.5,0:00:51
2019-05-08,0,26,0.0,5,-28.6,5,-28.6,0.0584,-41.9,0:00:42
2019-05-09,1,27,3.8,6,20.0,6,20.0,0.0415,-28.9,0:00:24
2019-05-10,0,27,0.0,14,133.3,14,133.3,0.2358,468.2,0:01:00
2019-05-11,0,27,0.0,15,7.1,15,7.1,0.2333,-1.1,0:00:55
2019-05-12,0,27,0.0,8,-46.7,8,-46.7,0.117,-49.8,0:00:52
2019-05-13,0,27,0.0,6,-25.0,6,-25.0,0.0954,-18.5,0:00:57
2019-05-14,0,27,0.0,15,150.0,15,150.0,0.1664,74.4,0:00:39
2019-05-15,0,27,0.0,10,-33.3,10,-33.3,0.1878,12.9,0:01:07
2019-05-16,0,27,0.0,5,-50.0,5,-50.0,0.0631,-66.4,0:00:45
2019-05-17,0,27,0.0,12,140.0,12,140.0,0.1214,92.4,0:00:36
2019-05-18,0,27,0.0,24,100.0,24,100.0,0.3762,209.9,0:00:56
2019-05-19,0,27,0.0,6,-75.0,6,-75.0,0.029,-92.3,0:00:17
2019-05-20,0,27,0.0,7,16.7,7,16.7,0.0912,214.5,0:00:46
2019-05-21,0,27,0.0,3,-57.1,3,-57.1,0.0583,-36.1,0:01:09
2019-05-22,0,27,0.0,5,66.7,5,66.7,0.1685,189.0,0:02:01
2019-05-23,0,27,0.0,10,100.0,10,100.0,0.0853,-49.4,0:00:30
2019-05-24,0,27,0.0,7,-30.0,7,-30.0,0.1016,19.1,0:00:52
2019-05-25,0,27,0.0,10,42.9,10,42.9,0.1049,3.2,0:00:37
2019-05-26,0,27,0.0,8,-20.0,8,-20.0,0.1029,-1.9,0:00:46
2019-05-27,-1,26,-3.7,7,-12.5,7,-12.5,0.0337,-67.2,0:00:17
2019-05-28,0,26,0.0,14,100.0,14,100.0,0.1956,480.4,0:00:50
2019-05-29,0,26,0.0,8,-42.9,8,-42.9,0.1088,-44.4,0:00:48
2019-05-30,0,26,0.0,10,25.0,10,25.0,0.0865,-20.5,0:00:31
2019-05-31,0,26,0.0,12,20.0,12,20.0,0.203,134.7,0:01:00
2019-06-01,0,26,0.0,14,16.7,14,16.7,0.2325,14.5,0:00:59
2019-06-02,0,26,0.0,4,-71.4,4,-71.4,0.0299,-87.1,0:00:26
2019-06-03,0,26,0.0,4,0.0,4,0.0,0.0763,155.2,0:01:08
2019-06-04,0,26,0.0,2,-50.0,2,-50.0,0.0245,-67.9,0:00:44
2019-06-05,0,26,0.0,6,200.0,6,200.0,0.0612,149.8,0:00:36
2019-06-06,0,26,0.0,11,83.3,11,83.3,0.1391,127.3,0:00:45
2019-06-07,0,26,0.0,18,63.6,18,63.6,0.2194,57.7,0:00:43
2019-06-08,0,26,0.0,16,-11.1,16,-11.1,0.1071,-51.2,0:00:24
2019-06-09,0,26,0.0,1,-93.8,1,-93.8,0.0237,-77.9,0:01:25
2019-06-10,0,26,0.0,1,0.0,1,0.0,0.0509,114.8,0:03:03
2019-06-11,0,26,0.0,2,100.0,2,100.0,0.006,-88.2,0:00:10
2019-06-12,0,26,0.0,2,0.0,2,0.0,0.0558,830.0,0:01:40
2019-06-13,0,26,0.0,4,100.0,4,100.0,0.049,-12.2,0:00:44
2019-06-14,0,26,0.0,4,0.0,4,0.0,0.1152,135.1,0:01:43
2019-06-15,1,27,3.8,11,175.0,11,175.0,0.0738,-35.9,0:00:24
2019-06-16,0,27,0.0,6,-45.5,6,-45.5,0.0883,19.6,0:00:52
2019-06-17,0,27,0.0,7,16.7,7,16.7,0.1018,15.3,0:00:52
2019-06-18,0,27,0.0,7,0.0,7,0.0,0.1211,19.0,0:01:02
2019-06-19,0,27,0.0,2,-71.4,2,-71.4,0.0276,-77.2,0:00:49
2019-06-20,0,27,0.0,1,-50.0,1,-50.0,0.0477,72.8,0:02:51
2019-06-21,0,27,0.0,8,700.0,8,700.0,0.1422,198.1,0:01:04
2019-06-22,0,27,0.0,3,-62.5,3,-62.5,0.0288,-79.7,0:00:34
2019-06-23,0,27,0.0,1,-66.7,1,-66.7,0.0209,-27.4,0:01:15
2019-06-24,0,27,0.0,3,200.0,3,200.0,0.0101,-51.7,0:00:12
2019-06-25,1,28,3.7,7,133.3,7,133.3,0.0693,586.1,0:00:35
2019-06-26,0,28,0.0,1,-85.7,1,-85.7,0.01,-85.6,0:00:36
2019-06-27,0,28,0.0,2,100.0,2,100.0,0.0317,217.0,0:00:57
2019-06-28,0,28,0.0,10,400.0,10,400.0,0.0892,181.4,0:00:32
2019-06-29,0,28,0.0,5,-50.0,5,-50.0,0.1151,29.0,0:01:22
2019-06-30,0,28,0.0,7,40.0,7,40.0,0.0978,-15.0,0:00:50
2019-07-01,0,28,0.0,7,0.0,7,0.0,0.1299,32.8,0:01:06
2019-07-02,0,28,0.0,7,0.0,7,0.0,0.291,124.0,0:02:29
2019-07-03,0,28,0.0,2,-71.4,2,-71.4,0.0305,-89.5,0:00:54
2019-07-04,0,28,0.0,4,100.0,4,100.0,0.0537,76.1,0:00:48
2019-07-05,0,28,0.0,4,0.0,4,0.0,0.085,58.3,0:01:16
2019-07-06,0,28,0.0,4,0.0,4,0.0,0.0893,5.1,0:01:20
2019-07-07,0,28,0.0,14,250.0,14,250.0,0.1538,72.2,0:00:39
2019-07-08,0,28,0.0,1,-92.9,1,-92.9,0.0007,-99.5,0:00:02
2019-07-09,0,28,0.0,4,300.0,4,300.0,0.0495,6971.4,0:00:44
2019-07-10,0,28,0.0,0,-100.0,0,-100.0,0,-100.0,
2019-07-11,0,28,0.0,1,,1,,0.0011,,0:00:04
2019-07-12,1,29,3.6,20,1900.0,20,1900.0,0.3832,34736.4,0:01:08
2019-07-13,0,29,0.0,14,-30.0,14,-30.0,0.3431,-10.5,0:01:28
2019-07-14,0,29,0.0,18,28.6,18,28.6,0.2532,-26.2,0:00:50
2019-07-15,0,29,0.0,5,-72.2,5,-72.2,0.2208,-12.8,0:02:38
2019-07-16,0,29,0.0,6,20.0,6,20.0,0.081,-63.3,0:00:48
2019-07-17,0,29,0.0,7,16.7,7,16.7,0.155,91.4,0:01:19
2019-07-18,1,30,3.4,20,185.7,20,185.7,0.2543,64.1,0:00:45
2019-07-19,3,33,10.0,28,40.0,28,40.0,0.4383,72.4,0:00:56
2019-07-20,0,33,0.0,20,-28.6,20,-28.6,0.2983,-31.9,0:00:53
2019-07-21,0,33,0.0,12,-40.0,12,-40.0,0.1205,-59.6,0:00:36
2019-07-22,0,33,0.0,7,-41.7,7,-41.7,0.143,18.7,0:01:13
2019-07-23,0,33,0.0,10,42.9,10,42.9,0.091,-36.4,0:00:32
2019-07-24,0,33,0.0,8,-20.0,8,-20.0,0.1436,57.8,0:01:04
2019-07-25,0,33,0.0,6,-25.0,6,-25.0,0.1502,4.6,0:01:30
2019-07-26,0,33,0.0,11,83.3,11,83.3,0.1844,22.8,0:01:00
2019-07-27,0,33,0.0,17,54.5,17,54.5,0.4056,120.0,0:01:25
2019-07-28,0,33,0.0,11,-35.3,11,-35.3,0.1263,-68.9,0:00:41
2019-07-29,0,33,0.0,7,-36.4,7,-36.4,0.1664,31.7,0:01:25
2019-07-30,0,33,0.0,6,-14.3,6,-14.3,0.0774,-53.5,0:00:46
2019-07-31,0,33,0.0,8,33.3,8,33.3,0.0694,-10.3,0:00:31
2019-08-01,-1,32,-3.0,10,25.0,10,25.0,0.1439,107.3,0:00:51
2019-08-02,1,33,3.1,8,-20.0,8,-20.0,0.1157,-19.6,0:00:52
2019-08-03,0,33,0.0,5,-37.5,5,-37.5,0.0272,-76.5,0:00:19
2019-08-04,0,33,0.0,16,220.0,16,220.0,0.1605,490.1,0:00:36
2019-08-05,0,33,0.0,2,-87.5,2,-87.5,0.0123,-92.3,0:00:22
2019-08-06,0,33,0.0,15,650.0,15,650.0,0.2315,1782.1,0:00:55
2019-08-07,0,33,0.0,7,-53.3,7,-53.3,0.106,-54.2,0:00:54
2019-08-08,0,33,0.0,12,71.4,12,71.4,0.2493,135.2,0:01:14
2019-08-09,0,33,0.0,12,0.0,12,0.0,0.197,-21.0,0:00:59
2019-08-10,0,33,0.0,10,-16.7,10,-16.7,0.1229,-37.6,0:00:44
2019-08-11,0,33,0.0,11,10.0,11,10.0,0.1007,-18.1,0:00:32
2019-08-12,0,33,0.0,2,-81.8,2,-81.8,0.0059,-94.1,0:00:10
2019-08-13,0,33,0.0,5,150.0,5,150.0,0.1289,2084.7,0:01:32
2019-08-14,0,33,0.0,14,180.0,14,180.0,0.2095,62.5,0:00:53
2019-08-15,0,33,0.0,12,-14.3,12,-14.3,0.1972,-5.9,0:00:59
2019-08-16,0,33,0.0,12,0.0,12,0.0,0.2692,36.5,0:01:20
2019-08-17,0,33,0.0,8,-33.3,8,-33.3,0.1754,-34.8,0:01:18
2019-08-18,0,33,0.0,8,0.0,8,0.0,0.1731,-1.3,0:01:17
2019-08-19,0,33,0.0,6,-25.0,6,-25.0,0.1049,-39.4,0:01:02
2019-08-20,0,33,0.0,8,33.3,8,33.3,0.151,43.9,0:01:07
2019-08-21,0,33,0.0,7,-12.5,7,-12.5,0.1029,-31.9,0:00:52
2019-08-22,0,33,0.0,1,-85.7,1,-85.7,0,-100.0,0:00:00
2019-08-23,-1,32,-3.0,5,400.0,5,400.0,0.1238,,0:01:29
2019-08-24,0,32,0.0,9,80.0,9,80.0,0.0791,-36.1,0:00:31
2019-08-25,0,32,0.0,4,-55.6,4,-55.6,0.0901,13.9,0:01:21
2019-08-26,0,32,0.0,4,0.0,4,0.0,0.0865,-4.0,0:01:17
2019-08-27,0,32,0.0,5,25.0,5,25.0,0.0485,-43.9,0:00:34
2019-08-28,0,32,0.0,2,-60.0,2,-60.0,0.0275,-43.3,0:00:49
2019-08-29,0,32,0.0,7,250.0,7,250.0,0.1181,329.5,0:01:00
2019-08-30,0,32,0.0,9,28.6,9,28.6,0.1796,52.1,0:01:11
2019-08-31,0,32,0.0,14,55.6,14,55.6,0.1564,-12.9,0:00:40
2019-09-01,0,32,0.0,5,-64.3,5,-64.3,0.0999,-36.1,0:01:11
2019-09-02,0,32,0.0,4,-20.0,4,-20.0,0.1015,1.6,0:01:31
2019-09-03,0,32,0.0,1,-75.0,1,-75.0,0.0239,-76.5,0:01:26
2019-09-04,0,32,0.0,3,200.0,3,200.0,0.0395,65.3,0:00:47
2019-09-05,0,32,0.0,4,33.3,4,33.3,0.0444,12.4,0:00:40
2019-09-06,0,32,0.0,17,325.0,17,325.0,0.283,537.4,0:00:59
2019-09-07,0,32,0.0,6,-64.7,6,-64.7,0.0699,-75.3,0:00:41
2019-09-08,0,32,0.0,4,-33.3,4,-33.3,0.0405,-42.1,0:00:36
2019-09-09,0,32,0.0,3,-25.0,3,-25.0,0.0167,-58.8,0:00:20
2019-09-10,0,32,0.0,4,33.3,4,33.3,0.095,468.9,0:01:25
2019-09-11,0,32,0.0,8,100.0,8,100.0,0.1256,32.2,0:00:56
2019-09-12,0,32,0.0,5,-37.5,5,-37.5,0.0837,-33.4,0:01:00
2019-09-13,0,32,0.0,7,40.0,7,40.0,0.0857,2.4,0:00:44
2019-09-14,0,32,0.0,5,-28.6,5,-28.6,0.1317,53.7,0:01:34
2019-09-15,0,32,0.0,7,40.0,7,40.0,0.1391,5.6,0:01:11
2019-09-16,0,32,0.0,1,-85.7,1,-85.7,0.0172,-87.6,0:01:01
2019-09-17,0,32,0.0,1,0.0,1,0.0,0.0119,-30.8,0:00:42
2019-09-18,0,32,0.0,2,100.0,2,100.0,0.0284,138.7,0:00:51
2019-09-19,0,32,0.0,1,-50.0,1,-50.0,0.0091,-68.0,0:00:32
2019-09-20,0,32,0.0,7,600.0,7,600.0,0.1055,1059.3,0:00:54
2019-09-21,0,32,0.0,6,-14.3,6,-14.3,0.0581,-44.9,0:00:34
2019-09-22,0,32,0.0,0,-100.0,0,-100.0,0,-100.0,
2019-09-23,0,32,0.0,1,,1,,0.0238,,0:01:25
2019-09-24,0,32,0.0,6,500.0,6,500.0,0.1215,410.5,0:01:12
2019-09-25,0,32,0.0,2,-66.7,2,-66.7,0.0114,-90.6,0:00:20
2019-09-26,0,32,0.0,3,50.0,3,50.0,0.0275,141.2,0:00:33
2019-09-27,0,32,0.0,9,200.0,9,200.0,0.2344,752.4,0:01:33
2019-09-28,0,32,0.0,7,-22.2,7,-22.2,0.0626,-73.3,0:00:32
2019-09-29,0,32,0.0,6,-14.3,6,-14.3,0.1043,66.6,0:01:02
2019-09-30,0,32,0.0,4,-33.3,4,-33.3,0.0456,-56.3,0:00:41
2019-10-01,0,32,0.0,5,25.0,5,25.0,0.1078,136.4,0:01:17
2019-10-02,0,32,0.0,15,200.0,15,200.0,0.2789,158.7,0:01:06
2019-10-03,0,32,0.0,18,20.0,18,20.0,0.3271,17.3,0:01:05
2019-10-04,0,32,0.0,11,-38.9,11,-38.9,0.1511,-53.8,0:00:49
2019-10-05,0,32,0.0,7,-36.4,7,-36.4,0.0281,-81.4,0:00:14
2019-10-06,0,32,0.0,6,-14.3,6,-14.3,0.0592,110.7,0:00:35
2019-10-07,0,32,0.0,5,-16.7,5,-16.7,0.0607,2.5,0:00:43
2019-10-08,0,32,0.0,7,40.0,7,40.0,0.1582,160.6,0:01:21
2019-10-09,0,32,0.0,2,-71.4,2,-71.4,0.0327,-79.3,0:00:58
2019-10-10,0,32,0.0,2,0.0,2,0.0,0.0178,-45.6,0:00:32
2019-10-11,0,32,0.0,14,600.0,14,600.0,0.0978,449.4,0:00:25
2019-10-12,0,32,0.0,4,-71.4,4,-71.4,0.0292,-70.1,0:00:26
2019-10-13,0,32,0.0,5,25.0,5,25.0,0.0209,-28.4,0:00:15
2019-10-14,0,32,0.0,0,-100.0,0,-100.0,0,-100.0,
2019-10-15,0,32,0.0,9,,9,,0.0923,,0:00:36
2019-10-16,0,32,0.0,8,-11.1,8,-11.1,0.1379,49.4,0:01:02
2019-10-17,0,32,0.0,7,-12.5,7,-12.5,0.0917,-33.5,0:00:47
2019-10-18,0,32,0.0,16,128.6,16,128.6,0.2592,182.7,0:00:58
2019-10-19,0,32,0.0,14,-12.5,14,-12.5,0.2254,-13.0,0:00:57
2019-10-20,0,32,0.0,2,-85.7,2,-85.7,0.0097,-95.7,0:00:17
2019-10-21,0,32,0.0,6,200.0,6,200.0,0.0555,472.2,0:00:33
2019-10-22,1,33,3.1,5,-16.7,5,-16.7,0.0452,-18.6,0:00:32
2019-10-23,0,33,0.0,3,-40.0,3,-40.0,0.0237,-47.6,0:00:28
2019-10-24,0,33,0.0,3,0.0,3,0.0,0.0983,314.8,0:01:57
2019-10-25,0,33,0.0,10,233.3,10,233.3,0.1944,97.8,0:01:09
2019-10-26,0,33,0.0,10,0.0,10,0.0,0.1786,-8.1,0:01:04
2019-10-27,0,33,0.0,5,-50.0,5,-50.0,0.0471,-73.6,0:00:33
2019-10-28,0,33,0.0,1,-80.0,1,-80.0,0.0228,-51.6,0:01:22
2019-10-29,0,33,0.0,4,300.0,4,300.0,0.0593,160.1,0:00:53
2019-10-30,0,33,0.0,4,0.0,4,0.0,0.0321,-45.9,0:00:28
2019-10-31,0,33,0.0,6,50.0,6,50.0,0.1018,217.1,0:01:01
2019-11-01,0,33,0.0,32,433.3,32,433.3,0.2157,111.9,0:00:24
2019-11-02,0,33,0.0,28,-12.5,28,-12.5,0.4522,109.6,0:00:58
2019-11-03,1,34,3.0,11,-60.7,11,-60.7,0.1588,-64.9,0:00:51
2019-11-04,0,34,0.0,5,-54.5,5,-54.5,0.1362,-14.2,0:01:38
2019-11-05,0,34,0.0,11,120.0,11,120.0,0.0925,-32.1,0:00:30
2019-11-06,0,34,0.0,4,-63.6,4,-63.6,0.1553,67.9,0:02:19
2019-11-07,0,34,0.0,4,0.0,4,0.0,0.0669,-56.9,0:01:00
2019-11-08,0,34,0.0,12,200.0,12,200.0,0.2056,207.3,0:01:01
2019-11-09,1,35,2.9,16,33.3,16,33.3,0.2338,13.7,0:00:52
2019-11-10,0,35,0.0,39,143.8,39,143.8,0.2863,22.5,0:00:26
2019-11-11,0,35,0.0,3,-92.3,3,-92.3,0.0159,-94.4,0:00:19
2019-11-12,0,35,0.0,7,133.3,7,133.3,0.0252,58.5,0:00:12
2019-11-13,0,35,0.0,3,-57.1,3,-57.1,0.0278,10.3,0:00:33
2019-11-14,0,35,0.0,1,-66.7,1,-66.7,0.0192,-30.9,0:01:09
2019-11-15,1,36,2.9,16,1500.0,16,1500.0,0.2305,1100.5,0:00:51
2019-11-16,0,36,0.0,23,43.8,23,43.8,0.1598,-30.7,0:00:25
2019-11-17,0,36,0.0,14,-39.1,14,-39.1,0.184,15.1,0:00:47
2019-11-18,1,37,2.8,7,-50.0,7,-50.0,0.1202,-34.7,0:01:01
2019-11-19,0,37,0.0,7,0.0,7,0.0,0.1054,-12.3,0:00:54
2019-11-20,0,37,0.0,1,-85.7,1,-85.7,0.0213,-79.8,0:01:16
2019-11-21,0,37,0.0,3,200.0,3,200.0,0.0852,300.0,0:01:42
2019-11-22,0,37,0.0,5,66.7,5,66.7,0.09,5.6,0:01:04
2019-11-23,0,37,0.0,7,40.0,7,40.0,0.0663,-26.3,0:00:34
2019-11-24,0,37,0.0,4,-42.9,4,-42.9,0.0472,-28.8,0:00:42
2019-11-25,0,37,0.0,5,25.0,5,25.0,0.0451,-4.4,0:00:32
2019-11-26,0,37,0.0,3,-40.0,3,-40.0,0.0134,-70.3,0:00:16
2019-11-27,0,37,0.0,7,133.3,7,133.3,0.0668,398.5,0:00:34
2019-11-28,0,37,0.0,5,-28.6,5,-28.6,0.0271,-59.4,0:00:19
2019-11-29,0,37,0.0,14,180.0,14,180.0,0.2453,805.2,0:01:03
2019-11-30,0,37,0.0,23,64.3,23,64.3,0.5937,142.0,0:01:32
2019-12-01,0,37,0.0,12,-47.8,12,-47.8,0.1169,-80.3,0:00:35
2019-12-02,0,37,0.0,12,0.0,12,0.0,0.1445,23.6,0:00:43
2019-12-03,0,37,0.0,13,8.3,13,8.3,0.1846,27.8,0:00:51
2019-12-04,0,37,0.0,2,-84.6,2,-84.6,0.0352,-80.9,0:01:03
2019-12-05,1,38,2.7,8,300.0,8,300.0,0.1172,233.0,0:00:52
2019-12-06,0,38,0.0,25,212.5,25,212.5,0.7258,519.3,0:01:44
2019-12-07,1,39,2.6,18,-28.0,18,-28.0,0.2576,-64.5,0:00:51
2019-12-08,0,39,0.0,4,-77.8,4,-77.8,0.0814,-68.4,0:01:13
2019-12-09,0,39,0.0,9,125.0,9,125.0,0.0354,-56.5,0:00:14
2019-12-10,-1,38,-2.6,8,-11.1,8,-11.1,0.1371,287.3,0:01:01
2019-12-11,1,39,2.6,12,50.0,12,50.0,0.0985,-28.2,0:00:29
2019-12-12,0,39,0.0,11,-8.3,11,-8.3,0.1153,17.1,0:00:37
2019-12-13,0,39,0.0,14,27.3,14,27.3,0.1808,56.8,0:00:46
2019-12-14,0,39,0.0,8,-42.9,8,-42.9,0.0595,-67.1,0:00:26
2019-12-15,0,39,0.0,8,0.0,8,0.0,0.0943,58.5,0:00:42
2019-12-16,0,39,0.0,14,75.0,14,75.0,0.3063,224.8,0:01:18
2019-12-17,0,39,0.0,6,-57.1,6,-57.1,0.0703,-77.0,0:00:42
2019-12-18,0,39,0.0,9,50.0,9,50.0,0.103,46.5,0:00:41
2019-12-19,0,39,0.0,1,-88.9,1,-88.9,0.0109,-89.4,0:00:39
2019-12-20,0,39,0.0,12,1100.0,12,1100.0,0.176,1514.7,0:00:52
2019-12-21,2,41,5.1,16,33.3,16,33.3,0.2075,17.9,0:00:46
2019-12-22,0,41,0.0,8,-50.0,8,-50.0,0.1071,-48.4,0:00:48
2019-12-23,1,42,2.4,9,12.5,9,12.5,0.1413,31.9,0:00:56
2019-12-24,0,42,0.0,27,200.0,27,200.0,0.1785,26.3,0:00:23
2019-12-25,0,42,0.0,13,-51.9,13,-51.9,0.126,-29.4,0:00:34
2019-12-26,0,42,0.0,6,-53.8,6,-53.8,0.0263,-79.1,0:00:15
2019-12-27,0,42,0.0,13,116.7,13,116.7,0.1513,475.3,0:00:41
2019-12-28,0,42,0.0,37,184.6,37,184.6,1.3019,760.5,0:02:06
2019-12-29,0,42,0.0,7,-81.1,7,-81.1,0.0883,-93.2,0:00:45
2019-12-30,1,43,2.4,7,0.0,7,0.0,0.0974,10.3,0:00:50
2019-12-31,1,44,2.3,25,257.1,25,257.1,0.2651,172.2,0:00:38
2020-01-01,0,44,0.0,15,-40.0,15,-40.0,0.2324,-12.3,0:00:55
2020-01-02,0,44,0.0,4,-73.3,4,-73.3,0.0523,-77.5,0:00:47
2020-01-03,0,44,0.0,21,425.0,21,425.0,0.4556,771.1,0:01:18
2020-01-04,0,44,0.0,10,-52.4,10,-52.4,0.1298,-71.5,0:00:46
2020-01-05,0,44,0.0,5,-50.0,5,-50.0,0.035,-73.0,0:00:25
2020-01-06,1,45,2.3,15,200.0,15,200.0,0.197,462.9,0:00:47
2020-01-07,0,45,0.0,15,0.0,15,0.0,0.1368,-30.6,0:00:32
2020-01-08,0,45,0.0,15,0.0,15,0.0,0.2655,94.1,0:01:03
2020-01-09,0,45,0.0,14,-6.7,14,-6.7,0.1599,-39.8,0:00:41
2020-01-10,0,45,0.0,27,92.9,27,92.9,0.4437,177.5,0:00:59
2020-01-11,0,45,0.0,21,-22.2,21,-22.2,0.2581,-41.8,0:00:44
2020-01-12,0,45,0.0,14,-33.3,14,-33.3,0.1367,-47.0,0:00:35
2020-01-13,1,46,2.2,9,-35.7,9,-35.7,0.1334,-2.4,0:00:53
2020-01-14,0,46,0.0,15,66.7,15,66.7,0.2315,73.5,0:00:55
2020-01-15,0,46,0.0,10,-33.3,10,-33.3,0.1286,-44.4,0:00:46
2020-01-16,0,46,0.0,16,60.0,16,60.0,0.2444,90.0,0:00:54
2020-01-17,0,46,0.0,13,-18.8,13,-18.8,0.1715,-29.8,0:00:47
2020-01-18,0,46,0.0,15,15.4,15,15.4,0.1207,-29.6,0:00:28
2020-01-19,2,48,4.3,34,126.7,34,126.7,0.3126,159.0,0:00:33
2020-01-20,0,48,0.0,23,-32.4,23,-32.4,0.3656,17.0,0:00:57
2020-01-21,0,48,0.0,47,104.3,47,104.3,0.5371,46.9,0:00:41
2020-01-22,-1,47,-2.1,46,-2.1,46,-2.1,0.6145,14.4,0:00:48
2020-01-23,-1,46,-2.1,135,193.5,135,193.5,1.6216,163.9,0:00:43
2020-01-24,1,47,2.2,54,-60.0,54,-60.0,0.9364,-42.3,0:01:02
2020-01-25,1,48,2.1,55,1.9,55,1.9,0.646,-31.0,0:00:42
2020-01-26,0,48,0.0,37,-32.7,37,-32.7,0.6421,-0.6,0:01:02
2020-01-27,0,48,0.0,49,32.4,49,32.4,0.5627,-12.4,0:00:41
2020-01-28,0,48,0.0,44,-10.2,44,-10.2,0.6414,14.0,0:00:52
2020-01-29,0,48,0.0,22,-50.0,22,-50.0,0.3192,-50.2,0:00:52
2020-01-30,0,48,0.0,29,31.8,29,31.8,0.4115,28.9,0:00:51
2020-01-31,0,48,0.0,37,27.6,37,27.6,0.5396,31.1,0:00:52
2020-02-01,1,49,2.1,45,21.6,45,21.6,0.6666,23.5,0:00:53
2020-02-02,-1,48,-2.0,21,-53.3,21,-53.3,0.366,-45.1,0:01:02
2020-02-03,0,48,0.0,11,-47.6,11,-47.6,0.2084,-43.1,0:01:08
2020-02-04,0,48,0.0,14,27.3,14,27.3,0.2069,-0.7,0:00:53
2020-02-05,0,48,0.0,25,78.6,25,78.6,0.3042,47.0,0:00:43
2020-02-06,0,48,0.0,21,-16.0,21,-16.0,0.269,-11.6,0:00:46
2020-02-07,0,48,0.0,21,0.0,21,0.0,0.2345,-12.8,0:00:40
2020-02-08,0,48,0.0,17,-19.0,17,-19.0,0.2127,-9.3,0:00:45
2020-02-09,0,48,0.0,28,64.7,28,64.7,0.4109,93.2,0:00:52
2020-02-10,0,48,0.0,25,-10.7,25,-10.7,0.389,-5.3,0:00:56
2020-02-11,0,48,0.0,24,-4.0,24,-4.0,0.3013,-22.5,0:00:45
2020-02-12,0,48,0.0,24,0.0,24,0.0,0.4109,36.4,0:01:01
2020-02-13,0,48,0.0,17,-29.2,17,-29.2,0.2624,-36.1,0:00:55
2020-02-14,0,48,0.0,19,11.8,19,11.8,0.5255,100.3,0:01:39
2020-02-15,0,48,0.0,26,36.8,26,36.8,0.3864,-26.5,0:00:53
2020-02-16,0,48,0.0,21,-19.2,21,-19.2,0.4053,4.9,0:01:09
2020-02-17,0,48,0.0,14,-33.3,14,-33.3,0.113,-72.1,0:00:29
2020-02-18,0,48,0.0,27,92.9,27,92.9,0.4971,339.9,0:01:06
2020-02-19,0,48,0.0,24,-11.1,24,-11.1,0.2584,-48.0,0:00:38
2020-02-20,0,48,0.0,30,25.0,30,25.0,0.3646,41.1,0:00:43
2020-02-21,1,49,2.1,38,26.7,38,26.7,0.3637,-0.2,0:00:34
2020-02-22,1,50,2.0,42,10.5,42,10.5,0.5914,62.6,0:00:50
2020-02-23,0,50,0.0,51,21.4,51,21.4,0.71,20.1,0:00:50
2020-02-24,-1,49,-2.0,31,-39.2,31,-39.2,0.3471,-51.1,0:00:40
2020-02-25,0,49,0.0,46,48.4,46,48.4,1.0922,214.7,0:01:25
2020-02-26,0,49,0.0,32,-30.4,32,-30.4,0.7288,-33.3,0:01:21
2020-02-27,1,50,2.0,32,0.0,32,0.0,0.4475,-38.6,0:00:50
2020-02-28,1,51,2.0,33,3.1,33,3.1,0.5236,17.0,0:00:57
2020-02-29,-1,50,-2.0,42,27.3,42,27.3,0.6175,17.9,0:00:52
2020-03-01,0,50,0.0,24,-42.9,24,-42.9,0.3422,-44.6,0:00:51
2020-03-02,0,50,0.0,20,-16.7,20,-16.7,0.3543,3.5,0:01:03
2020-03-03,0,50,0.0,41,105.0,41,105.0,0.5907,66.7,0:00:51
2020-03-04,0,50,0.0,22,-46.3,22,-46.3,0.4343,-26.5,0:01:11
2020-03-05,0,50,0.0,30,36.4,30,36.4,0.6653,53.2,0:01:19
2020-03-06,0,50,0.0,22,-26.7,22,-26.7,0.2745,-58.7,0:00:44
2020-03-07,0,50,0.0,39,77.3,39,77.3,0.6318,130.2,0:00:58
2020-03-08,0,50,0.0,19,-51.3,19,-51.3,0.3575,-43.4,0:01:07
2020-03-09,0,50,0.0,29,52.6,29,52.6,0.7117,99.1,0:01:28
2020-03-10,0,50,0.0,22,-24.1,22,-24.1,0.3577,-49.7,0:00:58
2020-03-11,0,50,0.0,30,36.4,30,36.4,0.4328,21.0,0:00:51
2020-03-12,1,51,2.0,40,33.3,40,33.3,0.6344,46.6,0:00:57
2020-03-13,0,51,0.0,28,-30.0,28,-30.0,0.4455,-29.8,0:00:57
2020-03-14,0,51,0.0,36,28.6,36,28.6,0.6742,51.3,0:01:07
2020-03-15,-1,50,-2.0,44,22.2,44,22.2,0.5816,-13.7,0:00:47
2020-03-16,0,50,0.0,30,-31.8,30,-31.8,0.5093,-12.4,0:01:01
2020-03-17,0,50,0.0,28,-6.7,28,-6.7,0.4448,-12.7,0:00:57
2020-03-18,0,50,0.0,22,-21.4,22,-21.4,0.4015,-9.7,0:01:05
2020-03-19,0,50,0.0,50,127.3,50,127.3,0.8003,99.3,0:00:57
2020-03-20,1,51,2.0,39,-22.0,39,-22.0,0.6377,-20.3,0:00:58
2020-03-21,0,51,0.0,41,5.1,41,5.1,0.596,-6.5,0:00:52
2020-03-22,0,51,0.0,33,-19.5,33,-19.5,0.5506,-7.6,0:01:00
2020-03-23,0,51,0.0,22,-33.3,22,-33.3,0.4008,-27.2,0:01:05
2020-03-24,1,52,2.0,26,18.2,26,18.2,0.4428,10.5,0:01:01
2020-03-25,0,52,0.0,35,34.6,35,34.6,0.5766,30.2,0:00:59
2020-03-26,1,53,1.9,32,-8.6,32,-8.6,0.4225,-26.7,0:00:47
2020-03-27,0,53,0.0,16,-50.0,16,-50.0,0.2455,-41.9,0:00:55
2020-03-28,0,53,0.0,36,125.0,36,125.0,0.5453,122.1,0:00:54
2020-03-29,0,53,0.0,24,-33.3,24,-33.3,0.3946,-27.6,0:00:59
2020-03-30,-1,52,-1.9,45,87.5,45,87.5,0.7617,93.0,0:01:00
2020-03-31,0,52,0.0,25,-44.4,25,-44.4,0.4952,-35.0,0:01:11
2020-04-01,0,52,0.0,37,48.0,37,48.0,0.5374,8.5,0:00:52
2020-04-02,0,52,0.0,32,-13.5,32,-13.5,0.3515,-34.6,0:00:39
2020-04-03,0,52,0.0,41,28.1,41,28.1,0.5503,56.6,0:00:48
2020-04-04,0,52,0.0,34,-17.1,34,-17.1,0.6395,16.2,0:01:07
2020-04-05,1,53,1.9,31,-8.8,31,-8.8,0.4612,-27.9,0:00:53
2020-04-06,1,54,1.9,35,12.9,35,12.9,0.5084,10.2,0:00:52
2020-04-07,0,54,0.0,23,-34.3,23,-34.3,0.2817,-44.6,0:00:44
2020-04-08,1,55,1.9,13,-43.5,13,-43.5,0.1869,-33.7,0:00:51
2020-04-09,0,55,0.0,26,100.0,26,100.0,0.4254,127.6,0:00:58
2020-04-10,0,55,0.0,22,-15.4,22,-15.4,0.3652,-14.2,0:00:59
2020-04-11,1,56,1.8,35,59.1,35,59.1,0.5683,55.6,0:00:58
2020-04-12,0,56,0.0,35,0.0,35,0.0,0.5295,-6.8,0:00:54
2020-04-13,0,56,0.0,32,-8.6,32,-8.6,0.5855,10.6,0:01:05
2020-04-14,0,56,0.0,35,9.4,35,9.4,0.6923,18.2,0:01:11
2020-04-15,0,56,0.0,31,-11.4,31,-11.4,0.4498,-35.0,0:00:52
2020-04-16,0,56,0.0,32,3.2,32,3.2,0.5059,12.5,0:00:56
2020-04-17,0,56,0.0,40,25.0,40,25.0,0.4631,-8.5,0:00:41
2020-04-18,0,56,0.0,23,-42.5,23,-42.5,0.3095,-33.2,0:00:48
2020-04-19,0,56,0.0,31,34.8,31,34.8,0.4539,46.7,0:00:52
2020-04-20,0,56,0.0,29,-6.5,29,-6.5,0.5164,13.8,0:01:04
2020-04-21,0,56,0.0,10,-65.5,10,-65.5,0.1814,-64.9,0:01:05
2020-04-22,0,56,0.0,14,40.0,14,40.0,0.2256,24.4,0:00:57
2020-04-23,0,56,0.0,18,28.6,18,28.6,0.1942,-13.9,0:00:38
2020-04-24,0,56,0.0,17,-5.6,17,-5.6,0.2546,31.1,0:00:53
2020-04-25,0,56,0.0,22,29.4,22,29.4,0.3826,50.3,0:01:02
2020-04-26,0,56,0.0,20,-9.1,20,-9.1,0.2494,-34.8,0:00:44
2020-04-27,0,56,0.0,16,-20.0,16,-20.0,0.1656,-33.6,0:00:37
2020-04-28,0,56,0.0,23,43.8,23,43.8,0.3712,124.2,0:00:58
2020-04-29,0,56,0.0,18,-21.7,18,-21.7,0.265,-28.6,0:00:53
2020-04-30,0,56,0.0,21,16.7,21,16.7,0.2902,9.5,0:00:49
2020-05-01,0,56,0.0,13,-38.1,13,-38.1,0.2267,-21.9,0:01:02
2020-05-02,0,56,0.0,29,123.1,29,123.1,0.5207,129.7,0:01:04
2020-05-03,0,56,0.0,26,-10.3,26,-10.3,0.3734,-28.3,0:00:51
2020-05-04,0,56,0.0,83,219.2,83,219.2,1.1912,219.0,0:00:51
2020-05-05,1,57,1.8,61,-26.5,61,-26.5,0.9762,-18.0,0:00:57
2020-05-06,0,57,0.0,29,-52.5,29,-52.5,0.4692,-51.9,0:00:58
2020-05-07,0,57,0.0,31,6.9,31,6.9,0.3773,-19.6,0:00:43
2020-05-08,0,57,0.0,22,-29.0,22,-29.0,0.3164,-16.1,0:00:51
2020-05-09,0,57,0.0,23,4.5,23,4.5,0.3279,3.6,0:00:51
2020-05-10,0,57,0.0,26,13.0,26,13.0,0.3983,21.5,0:00:55
2020-05-11,0,57,0.0,11,-57.7,11,-57.7,0.1618,-59.4,0:00:52
2020-05-12,0,57,0.0,33,200.0,33,200.0,0.5038,211.4,0:00:54
2020-05-13,0,57,0.0,8,-75.8,8,-75.8,0.1287,-74.5,0:00:57
2020-05-14,0,57,0.0,19,137.5,19,137.5,0.322,150.2,0:01:01
2020-05-15,0,57,0.0,17,-10.5,17,-10.5,0.3495,8.5,0:01:14
2020-05-16,0,57,0.0,6,-64.7,6,-64.7,0.0449,-87.2,0:00:26
2020-05-17,0,57,0.0,16,166.7,16,166.7,0.1908,324.9,0:00:42
2020-05-18,1,58,1.8,11,-31.3,11,-31.3,0.22,15.3,0:01:12
2020-05-19,-1,57,-1.7,13,18.2,13,18.2,0.1538,-30.1,0:00:42
2020-05-20,0,57,0.0,9,-30.8,9,-30.8,0.0941,-38.8,0:00:37
2020-05-21,0,57,0.0,20,122.2,20,122.2,0.2208,134.6,0:00:39
2020-05-22,0,57,0.0,12,-40.0,12,-40.0,0.1495,-32.3,0:00:44
2020-05-23,0,57,0.0,10,-16.7,10,-16.7,0.2684,79.5,0:01:36
2020-05-24,1,58,1.8,15,50.0,15,50.0,0.2072,-22.8,0:00:49
2020-05-25,1,59,1.7,3,-80.0,3,-80.0,0.0301,-85.5,0:00:36
2020-05-26,0,59,0.0,14,366.7,14,366.7,0.1732,475.4,0:00:44
2020-05-27,1,60,1.7,29,107.1,29,107.1,0.4583,164.6,0:00:56
2020-05-28,0,60,0.0,42,44.8,42,44.8,0.5017,9.5,0:00:43
2020-05-29,0,60,0.0,48,14.3,48,14.3,0.7894,57.3,0:00:59
2020-05-30,0,60,0.0,68,41.7,68,41.7,0.7894,0.0,0:00:41
2020-05-31,0,60,0.0,44,-35.3,44,-35.3,0.427,-45.9,0:00:34
2020-06-01,0,60,0.0,31,-29.5,31,-29.5,0.5296,24.0,0:01:01
2020-06-02,0,60,0.0,28,-9.7,28,-9.7,0.3872,-26.9,0:00:49
2020-06-03,1,61,1.7,29,3.6,29,3.6,0.3641,-6.0,0:00:45
2020-06-04,0,61,0.0,26,-10.3,26,-10.3,0.3297,-9.4,0:00:45
2020-06-05,0,61,0.0,35,34.6,35,34.6,0.4312,30.8,0:00:44
2020-06-06,0,61,0.0,35,0.0,35,0.0,0.4702,9.0,0:00:48
2020-06-07,0,61,0.0,29,-17.1,29,-17.1,0.2942,-37.4,0:00:36
2020-06-08,0,61,0.0,25,-13.8,25,-13.8,0.4301,46.2,0:01:01
2020-06-09,0,61,0.0,23,-8.0,23,-8.0,0.3318,-22.9,0:00:51
2020-06-10,0,61,0.0,25,8.7,25,8.7,0.471,42.0,0:01:07
2020-06-11,0,61,0.0,16,-36.0,16,-36.0,0.2144,-54.5,0:00:48
2020-06-12,0,61,0.0,29,81.3,29,81.3,0.3904,82.1,0:00:48
2020-06-13,0,61,0.0,33,13.8,33,13.8,0.399,2.2,0:00:43
2020-06-14,0,61,0.0,13,-60.6,13,-60.6,0.1713,-57.1,0:00:47
2020-06-15,0,61,0.0,16,23.1,16,23.1,0.179,4.5,0:00:40
2020-06-16,0,61,0.0,20,25.0,20,25.0,0.2549,42.4,0:00:45
2020-06-17,0,61,0.0,11,-45.0,11,-45.0,0.2071,-18.8,0:01:07
2020-06-18,0,61,0.0,9,-18.2,9,-18.2,0.1229,-40.7,0:00:49
2020-06-19,0,61,0.0,16,77.8,16,77.8,0.2141,74.2,0:00:48
2020-06-20,0,61,0.0,12,-25.0,12,-25.0,0.1488,-30.5,0:00:44
2020-06-21,0,61,0.0,20,66.7,20,66.7,0.2157,45.0,0:00:38
2020-06-22,0,61,0.0,17,-15.0,17,-15.0,0.1943,-9.9,0:00:41
2020-06-23,0,61,0.0,15,-11.8,15,-11.8,0.3076,58.3,0:01:13
2020-06-24,0,61,0.0,25,66.7,25,66.7,0.3463,12.6,0:00:49
2020-06-25,0,61,0.0,21,-16.0,21,-16.0,0.2688,-22.4,0:00:46
2020-06-26,0,61,0.0,23,9.5,23,9.5,0.26,-3.3,0:00:40
2020-06-27,-1,60,-1.6,22,-4.3,22,-4.3,0.2576,-0.9,0:00:42
2020-06-28,0,60,0.0,8,-63.6,8,-63.6,0.1269,-50.7,0:00:57
2020-06-29,0,60,0.0,15,87.5,15,87.5,0.1899,49.6,0:00:45
2020-06-30,0,60,0.0,14,-6.7,14,-6.7,0.1215,-36.0,0:00:31
2020-07-01,0,60,0.0,13,-7.1,13,-7.1,0.2837,133.5,0:01:18
2020-07-02,0,60,0.0,16,23.1,16,23.1,0.146,-48.5,0:00:32
2020-07-03,0,60,0.0,15,-6.3,15,-6.3,0.2214,51.6,0:00:53
2020-07-04,2,62,3.3,20,33.3,20,33.3,0.279,26.0,0:00:50
2020-07-05,0,62,0.0,15,-25.0,15,-25.0,0.2994,7.3,0:01:11
2020-07-06,0,62,0.0,15,0.0,15,0.0,0.218,-27.2,0:00:52
2020-07-07,0,62,0.0,18,20.0,18,20.0,0.1638,-24.9,0:00:32
2020-07-08,0,62,0.0,18,0.0,18,0.0,0.2248,37.2,0:00:44
2020-07-09,0,62,0.0,15,-16.7,15,-16.7,0.2098,-6.7,0:00:50
2020-07-10,-1,61,-1.6,14,-6.7,14,-6.7,0.1836,-12.5,0:00:47
2020-07-11,0,61,0.0,13,-7.1,13,-7.1,0.1526,-16.9,0:00:42
2020-07-12,0,61,0.0,15,15.4,15,15.4,0.2591,69.8,0:01:02
2020-07-13,0,61,0.0,19,26.7,19,26.7,0.1865,-28.0,0:00:35
2020-07-14,0,61,0.0,12,-36.8,12,-36.8,0.1755,-5.9,0:00:52
2020-07-15,0,61,0.0,12,0.0,12,0.0,0.1683,-4.1,0:00:50
2020-07-16,1,62,1.6,8,-33.3,8,-33.3,0.1868,11.0,0:01:24
2020-07-17,0,62,0.0,18,125.0,18,125.0,0.1934,3.5,0:00:38
2020-07-18,0,62,0.0,16,-11.1,16,-11.1,0.2278,17.8,0:00:51
2020-07-19,0,62,0.0,14,-12.5,14,-12.5,0.1939,-14.9,0:00:49
2020-07-20,0,62,0.0,7,-50.0,7,-50.0,0.1007,-48.1,0:00:51
2020-07-21,0,62,0.0,17,142.9,17,142.9,0.1887,87.4,0:00:39
2020-07-22,-1,61,-1.6,19,11.8,19,11.8,0.3232,71.3,0:01:01
2020-07-23,0,61,0.0,23,21.1,23,21.1,0.3391,4.9,0:00:53
2020-07-24,-1,60,-1.6,58,152.2,58,152.2,0.2707,-20.2,0:00:16
2020-07-25,0,60,0.0,18,-69.0,18,-69.0,0.1664,-38.5,0:00:33
2020-07-26,0,60,0.0,16,-11.1,16,-11.1,0.1631,-2.0,0:00:36
2020-07-27,0,60,0.0,7,-56.3,7,-56.3,0.055,-66.3,0:00:28
2020-07-28,0,60,0.0,8,14.3,8,14.3,0.0675,22.7,0:00:30
2020-07-29,0,60,0.0,12,50.0,12,50.0,0.1921,184.6,0:00:57
2020-07-30,0,60,0.0,22,83.3,22,83.3,0.2006,4.4,0:00:32
2020-07-31,0,60,0.0,17,-22.7,17,-22.7,0.2074,3.4,0:00:43
2020-08-01,1,61,1.7,19,11.8,19,11.8,0.2895,39.6,0:00:54
2020-08-02,0,61,0.0,21,10.5,21,10.5,0.2021,-30.2,0:00:34
2020-08-03,0,61,0.0,17,-19.0,17,-19.0,0.2305,14.1,0:00:48
2020-08-04,0,61,0.0,16,-5.9,16,-5.9,0.1772,-23.1,0:00:39
2020-08-05,0,61,0.0,16,0.0,16,0.0,0.305,72.1,0:01:08
2020-08-06,0,61,0.0,6,-62.5,6,-62.5,0.0625,-79.5,0:00:37
2020-08-07,0,61,0.0,18,200.0,18,200.0,0.282,351.2,0:00:56
2020-08-08,1,62,1.6,16,-11.1,16,-11.1,0.2858,1.3,0:01:04
2020-08-09,0,62,0.0,18,12.5,18,12.5,0.3398,18.9,0:01:07
2020-08-10,0,62,0.0,20,11.1,20,11.1,0.1863,-45.2,0:00:33
2020-08-11,0,62,0.0,14,-30.0,14,-30.0,0.1653,-11.3,0:00:42
2020-08-12,0,62,0.0,25,78.6,25,78.6,0.282,70.6,0:00:40
2020-08-13,0,62,0.0,41,64.0,41,64.0,0.5667,101.0,0:00:49
2020-08-14,0,62,0.0,28,-31.7,28,-31.7,0.3907,-31.1,0:00:50
2020-08-15,0,62,0.0,28,0.0,28,0.0,0.3816,-2.3,0:00:49
2020-08-16,0,62,0.0,25,-10.7,25,-10.7,0.4364,14.4,0:01:02
2020-08-17,0,62,0.0,16,-36.0,16,-36.0,0.1994,-54.3,0:00:44
2020-08-18,0,62,0.0,8,-50.0,8,-50.0,0.1093,-45.2,0:00:49
2020-08-19,0,62,0.0,13,62.5,13,62.5,0.2377,117.5,0:01:05
2020-08-20,0,62,0.0,16,23.1,16,23.1,0.1868,-21.4,0:00:42
2020-08-21,0,62,0.0,34,112.5,34,112.5,0.5002,167.8,0:00:52
2020-08-22,1,63,1.6,43,26.5,43,26.5,0.5941,18.8,0:00:49
2020-08-23,0,63,0.0,19,-55.8,19,-55.8,0.1853,-68.8,0:00:35
2020-08-24,0,63,0.0,42,121.1,42,121.1,0.5371,189.9,0:00:46
2020-08-25,1,64,1.6,33,-21.4,33,-21.4,0.3987,-25.8,0:00:43
2020-08-26,0,64,0.0,23,-30.3,23,-30.3,0.3432,-13.9,0:00:53
2020-08-27,1,65,1.6,26,13.0,26,13.0,0.2849,-17.0,0:00:39
2020-08-28,0,65,0.0,12,-53.8,12,-53.8,0.1194,-58.1,0:00:35
2020-08-29,0,65,0.0,52,333.3,52,333.3,0.5278,342.0,0:00:36
2020-08-30,0,65,0.0,26,-50.0,26,-50.0,0.332,-37.1,0:00:45
2020-08-31,0,65,0.0,47,80.8,47,80.8,0.1848,-44.3,0:00:14
2020-09-01,0,65,0.0,34,-27.7,34,-27.7,0.4932,166.9,0:00:52
2020-09-02,0,65,0.0,26,-23.5,26,-23.5,0.3575,-27.5,0:00:49
2020-09-03,0,65,0.0,22,-15.4,22,-15.4,0.3732,4.4,0:01:01
2020-09-04,0,65,0.0,24,9.1,24,9.1,0.3959,6.1,0:00:59
2020-09-05,0,65,0.0,30,25.0,30,25.0,0.4173,5.4,0:00:50
2020-09-06,0,65,0.0,11,-63.3,11,-63.3,0.1291,-69.1,0:00:42
2020-09-07,0,65,0.0,15,36.4,15,36.4,0.2211,71.3,0:00:53
2020-09-08,1,66,1.5,19,26.7,19,26.7,0.1714,-22.5,0:00:32
2020-09-09,0,66,0.0,23,21.1,23,21.1,0.3722,117.2,0:00:58
2020-09-10,0,66,0.0,8,-65.2,8,-65.2,0.1031,-72.3,0:00:46
2020-09-11,0,66,0.0,18,125.0,18,125.0,0.1962,90.3,0:00:39
2020-09-12,0,66,0.0,14,-22.2,14,-22.2,0.2348,19.7,0:01:00
2020-09-13,0,66,0.0,15,7.1,15,7.1,0.1653,-29.6,0:00:39
2020-09-14,0,66,0.0,5,-66.7,5,-66.7,0.1017,-38.5,0:01:13
2020-09-15,0,66,0.0,8,60.0,8,60.0,0.1211,19.1,0:00:54
2020-09-16,0,66,0.0,14,75.0,14,75.0,0.2035,68.0,0:00:52
2020-09-17,-1,65,-1.5,8,-42.9,8,-42.9,0.0719,-64.7,0:00:32
2020-09-18,0,65,0.0,10,25.0,10,25.0,0.0927,28.9,0:00:33
2020-09-19,0,65,0.0,15,50.0,15,50.0,0.2416,160.6,0:00:57
2020-09-20,0,65,0.0,14,-6.7,14,-6.7,0.1385,-42.7,0:00:35
2020-09-21,0,65,0.0,20,42.9,20,42.9,0.2873,107.4,0:00:51
2020-09-22,0,65,0.0,17,-15.0,17,-15.0,0.2539,-11.6,0:00:53
2020-09-23,0,65,0.0,18,5.9,18,5.9,0.2278,-10.3,0:00:45
2020-09-24,0,65,0.0,19,5.6,19,5.6,0.2604,14.3,0:00:49
2020-09-25,-1,64,-1.5,13,-31.6,13,-31.6,0.192,-26.3,0:00:53
2020-09-26,0,64,0.0,21,61.5,21,61.5,0.3038,58.2,0:00:52
2020-09-27,0,64,0.0,21,0.0,21,0.0,0.2191,-27.9,0:00:37
2020-09-28,0,64,0.0,16,-23.8,16,-23.8,0.2854,30.3,0:01:04
2020-09-29,0,64,0.0,8,-50.0,8,-50.0,0.0779,-72.7,0:00:35
2020-09-30,0,64,0.0,21,162.5,21,162.5,0.3764,383.2,0:01:04
2020-10-01,0,64,0.0,10,-52.4,10,-52.4,0.1263,-66.4,0:00:45
2020-10-02,0,64,0.0,13,30.0,13,30.0,0.2042,61.7,0:00:56
2020-10-03,0,64,0.0,7,-46.2,7,-46.2,0.107,-47.6,0:00:55
2020-10-04,0,64,0.0,11,57.1,11,57.1,0.1384,29.3,0:00:45
2020-10-05,1,65,1.6,18,63.6,18,63.6,0.2569,85.6,0:00:51
2020-10-06,0,65,0.0,21,16.7,21,16.7,0.3501,36.3,0:01:00
2020-10-07,0,65,0.0,25,19.0,25,19.0,0.3073,-12.2,0:00:44
2020-10-08,0,65,0.0,21,-16.0,21,-16.0,0.255,-17.0,0:00:43
2020-10-09,0,65,0.0,24,14.3,24,14.3,0.2485,-2.5,0:00:37
2020-10-10,0,65,0.0,16,-33.3,16,-33.3,0.2923,17.6,0:01:05
2020-10-11,0,65,0.0,16,0.0,16,0.0,0.1419,-51.5,0:00:31
2020-10-12,0,65,0.0,11,-31.3,11,-31.3,0.1934,36.3,0:01:03
2020-10-13,0,65,0.0,15,36.4,15,36.4,0.1972,2.0,0:00:47
2020-10-14,0,65,0.0,10,-33.3,10,-33.3,0.1595,-19.1,0:00:57
2020-10-15,0,65,0.0,11,10.0,11,10.0,0.1771,11.0,0:00:57
2020-10-16,0,65,0.0,6,-45.5,6,-45.5,0.0661,-62.7,0:00:39
2020-10-17,0,65,0.0,6,0.0,6,0.0,0.0282,-57.3,0:00:16
2020-10-18,0,65,0.0,12,100.0,12,100.0,0.1758,523.4,0:00:52
2020-10-19,0,65,0.0,6,-50.0,6,-50.0,0.055,-68.7,0:00:32
2020-10-20,0,65,0.0,11,83.3,11,83.3,0.2024,268.0,0:01:06
2020-10-21,0,65,0.0,7,-36.4,7,-36.4,0.0452,-77.7,0:00:23
2020-10-22,0,65,0.0,12,71.4,12,71.4,0.1512,234.5,0:00:45
2020-10-23,0,65,0.0,9,-25.0,9,-25.0,0.1549,2.4,0:01:01
2020-10-24,0,65,0.0,5,-44.4,5,-44.4,0.0809,-47.8,0:00:58
2020-10-25,0,65,0.0,12,140.0,12,140.0,0.1205,48.9,0:00:36
2020-10-26,0,65,0.0,10,-16.7,10,-16.7,0.151,25.3,0:00:54
2020-10-27,0,65,0.0,19,90.0,19,90.0,0.2627,74.0,0:00:49
2020-10-28,0,65,0.0,8,-57.9,8,-57.9,0.0561,-78.6,0:00:25
2020-10-29,0,65,0.0,5,-37.5,5,-37.5,0.0503,-10.3,0:00:36
2020-10-30,1,66,1.5,12,140.0,12,140.0,0.2025,302.6,0:01:00
2020-10-31,0,66,0.0,17,41.7,17,41.7,0.2434,20.2,0:00:51
2020-11-01,-1,65,-1.5,9,-47.1,9,-47.1,0.1476,-39.4,0:00:59
2020-11-02,0,65,0.0,12,33.3,12,33.3,0.2225,50.7,0:01:06
2020-11-03,0,65,0.0,3,-75.0,3,-75.0,0.0329,-85.2,0:00:39
2020-11-04,0,65,0.0,6,100.0,6,100.0,0.0276,-16.1,0:00:16
2020-11-05,0,65,0.0,9,50.0,9,50.0,0.1552,462.3,0:01:02
2020-11-06,0,65,0.0,11,22.2,11,22.2,0.1685,8.6,0:00:55
2020-11-07,1,66,1.5,4,-63.6,4,-63.6,0.0887,-47.4,0:01:19
2020-11-08,0,66,0.0,6,50.0,6,50.0,0.131,47.7,0:01:18
2020-11-09,1,67,1.5,9,50.0,9,50.0,0.1522,16.2,0:01:00
2020-11-10,0,67,0.0,6,-33.3,6,-33.3,0.0543,-64.3,0:00:32
2020-11-11,0,67,0.0,6,0.0,6,0.0,0.0487,-10.3,0:00:29
2020-11-12,0,67,0.0,7,16.7,7,16.7,0.0543,11.5,0:00:27
2020-11-13,0,67,0.0,8,14.3,8,14.3,0.1427,162.8,0:01:04
2020-11-14,0,67,0.0,3,-62.5,3,-62.5,0.0885,-38.0,0:01:46
2020-11-15,0,67,0.0,6,100.0,6,100.0,0.0653,-26.2,0:00:39
2020-11-16,0,67,0.0,5,-16.7,5,-16.7,0.068,4.1,0:00:48
2020-11-17,0,67,0.0,5,0.0,5,0.0,0.0268,-60.6,0:00:19
2020-11-18,0,67,0.0,4,-20.0,4,-20.0,0.0233,-13.1,0:00:20
2020-11-19,0,67,0.0,5,25.0,5,25.0,0.0693,197.4,0:00:49
2020-11-20,0,67,0.0,11,120.0,11,120.0,0.1285,85.4,0:00:42
2020-11-21,0,67,0.0,6,-45.5,6,-45.5,0.0509,-60.4,0:00:30
2020-11-22,0,67,0.0,5,-16.7,5,-16.7,0.0779,53.0,0:00:56
2020-11-23,0,67,0.0,7,40.0,7,40.0,0.1389,78.3,0:01:11
2020-11-24,0,67,0.0,11,57.1,11,57.1,0.1979,42.5,0:01:04
2020-11-25,0,67,0.0,5,-54.5,5,-54.5,0.018,-90.9,0:00:12
2020-11-26,0,67,0.0,12,140.0,12,140.0,0.2277,1165.0,0:01:08
2020-11-27,0,67,0.0,10,-16.7,10,-16.7,0.0439,-80.7,0:00:15
2020-11-28,0,67,0.0,4,-60.0,4,-60.0,0.0335,-23.7,0:00:30
2020-11-29,0,67,0.0,2,-50.0,2,-50.0,0.0056,-83.3,0:00:10
2020-11-30,0,67,0.0,9,350.0,9,350.0,0.0485,766.1,0:00:19
2020-12-01,-1,66,-1.5,2,-77.8,2,-77.8,0.011,-77.3,0:00:19
2020-12-02,0,66,0.0,5,150.0,5,150.0,0.0568,416.4,0:00:40
2020-12-03,0,66,0.0,3,-40.0,3,-40.0,0.0128,-77.5,0:00:15
2020-12-04,0,66,0.0,6,100.0,6,100.0,0.2328,1718.8,0:02:19
2020-12-05,0,66,0.0,8,33.3,8,33.3,0.0783,-66.4,0:00:35
2020-12-06,0,66,0.0,4,-50.0,4,-50.0,0.1205,53.9,0:01:48
2020-12-07,0,66,0.0,3,-25.0,3,-25.0,0.0184,-84.7,0:00:22
2020-12-08,0,66,0.0,7,133.3,7,133.3,0.0954,418.5,0:00:49
2020-12-09,0,66,0.0,1,-85.7,1,-85.7,0.0017,-98.2,0:00:06
2020-12-10,1,67,1.5,5,400.0,5,400.0,0.0496,2817.6,0:00:35
2020-12-11,-1,66,-1.5,10,100.0,10,100.0,0.1003,102.2,0:00:36
2020-12-12,0,66,0.0,7,-30.0,7,-30.0,0.0634,-36.8,0:00:32
2020-12-13,1,67,1.5,4,-42.9,4,-42.9,0.057,-10.1,0:00:51
2020-12-14,0,67,0.0,8,100.0,8,100.0,0.1003,76.0,0:00:45
2020-12-15,0,67,0.0,5,-37.5,5,-37.5,0.0564,-43.8,0:00:40
2020-12-16,0,67,0.0,4,-20.0,4,-20.0,0.0234,-58.5,0:00:21
2020-12-17,0,67,0.0,9,125.0,9,125.0,0.1046,347.0,0:00:41
2020-12-18,0,67,0.0,5,-44.4,5,-44.4,0.0768,-26.6,0:00:55
2020-12-19,0,67,0.0,6,20.0,6,20.0,0.0821,6.9,0:00:49
2020-12-20,0,67,0.0,6,0.0,6,0.0,0.0618,-24.7,0:00:37
2020-12-21,0,67,0.0,11,83.3,11,83.3,0.1376,122.7,0:00:45
2020-12-22,-1,66,-1.5,2,-81.8,2,-81.8,0.0586,-57.4,0:01:45
2020-12-23,0,66,0.0,7,250.0,7,250.0,0.1323,125.8,0:01:08
2020-12-24,0,66,0.0,10,42.9,10,42.9,0.1921,45.2,0:01:09
2020-12-25,0,66,0.0,3,-70.0,3,-70.0,0.0197,-89.7,0:00:23
2020-12-26,0,66,0.0,16,433.3,16,433.3,0.1604,714.2,0:00:36
2020-12-27,0,66,0.0,3,-81.3,3,-81.3,0.0349,-78.2,0:00:41
2020-12-28,0,66,0.0,5,66.7,5,66.7,0.0239,-31.5,0:00:17
2020-12-29,0,66,0.0,6,20.0,6,20.0,0.0894,274.1,0:00:53
2020-12-30,0,66,0.0,4,-33.3,4,-33.3,0.0261,-70.8,0:00:23
2020-12-31,1,67,1.5,7,75.0,7,75.0,0.1418,443.3,0:01:12
2021-01-01,0,67,0.0,2,-71.4,2,-71.4,0.0392,-72.4,0:01:10
2021-01-02,0,67,0.0,0,-100.0,0,-100.0,0,-100.0,
2021-01-03,0,67,0.0,0,,0,,0,,
2021-01-04,0,67,0.0,0,,0,,0,,
2021-01-05,0,67,0.0,0,,0,,0,,
2021-01-06,0,67,0.0,0,,0,,0,,
2021-01-07,0,67,0.0,0,,0,,0,,
2021-01-08,0,67,0.0,0,,0,,0,,
2021-01-09,0,67,0.0,0,,0,,0,,
2021-01-10,0,67,0.0,0,,0,,0,,
2021-01-11,0,67,0.0,0,,0,,0,,
2021-01-12,0,67,0.0,0,,0,,0,,
2021-01-13,0,67,0.0,0,,0,,0,,
2021-01-14,0,67,0.0,0,,0,,0,,
2021-01-15,0,67,0.0,0,,0,,0,,
2021-01-16,0,67,0.0,0,,0,,0,,
2021-01-17,0,67,0.0,0,,0,,0,,
2021-01-18,0,67,0.0,0,,0,,0,,
2021-01-19,0,67,0.0,0,,0,,0,,
2021-01-20,0,67,0.0,0,,0,,0,,
2021-01-21,0,67,0.0,0,,0,,0,,
2021-01-22,0,67,0.0,0,,0,,0,,
2021-01-23,0,67,0.0,0,,0,,0,,
2021-01-24,0,67,0.0,0,,0,,0,,
2021-01-25,0,67,0.0,0,,0,,0,,
2021-01-26,0,67,0.0,0,,0,,0,,
2021-01-27,1,68,1.5,0,,0,,0,,
2021-01-28,0,68,0.0,0,,0,,0,,
2021-01-29,0,68,0.0,0,,0,,0,,
2021-01-30,0,68,0.0,0,,0,,0,,
2021-01-31,0,68,0.0,0,,0,,0,,
2021-02-01,0,68,0.0,0,,0,,0,,
2021-02-02,0,68,0.0,0,,0,,0,,
2021-02-03,0,68,0.0,0,,0,,0,,
2021-02-04,0,68,0.0,0,,0,,0,,
2021-02-05,0,68,0.0,0,,0,,0,,
2021-02-06,0,68,0.0,0,,0,,0,,
2021-02-07,0,68,0.0,0,,0,,0,,
2021-02-08,0,68,0.0,0,,0,,0,,
2021-02-09,-1,67,-1.5,0,,0,,0,,
2021-02-10,0,67,0.0,0,,0,,0,,
2021-02-11,0,67,0.0,0,,0,,0,,
2021-02-12,0,67,0.0,0,,0,,0,,
2021-02-13,0,67,0.0,0,,0,,0,,
2021-02-14,0,67,0.0,0,,0,,0,,
2021-02-15,0,67,0.0,0,,0,,0,,
2021-02-16,0,67,0.0,0,,0,,0,,
2021-02-17,0,67,0.0,0,,0,,0,,
2021-02-18,0,67,0.0,0,,0,,0,,
2021-02-19,0,67,0.0,0,,0,,0,,
2021-02-20,0,67,0.0,0,,0,,0,,
2021-02-21,0,67,0.0,0,,0,,0,,
2021-02-22,0,67,0.0,0,,0,,0,,
2021-02-23,1,68,1.5,0,,0,,0,,
2021-02-24,0,68,0.0,0,,0,,0,,
2021-02-25,0,68,0.0,0,,0,,0,,
2021-02-26,0,68,0.0,0,,0,,0,,
2021-02-27,0,68,0.0,0,,0,,0,,
2021-02-28,0,68,0.0,0,,0,,0,,
2021-03-01,0,68,0.0,0,,0,,0,,
2021-03-02,0,68,0.0,0,,0,,0,,
2021-03-03,0,68,0.0,0,,0,,0,,
2021-03-04,0,68,0.0,0,,0,,0,,
2021-03-05,0,68,0.0,0,,0,,0,,
2021-03-06,0,68,0.0,0,,0,,0,,
2021-03-07,0,68,0.0,0,,0,,0,,
2021-03-08,0,68,0.0,0,,0,,0,,
2021-03-09,0,68,0.0,0,,0,,0,,
2021-03-10,0,68,0.0,0,,0,,0,,
2021-03-11,0,68,0.0,0,,0,,0,,
2021-03-12,0,68,0.0,0,,0,,0,,
2021-03-13,-1,67,-1.5,0,,0,,0,,
2021-03-14,0,67,0.0,0,,0,,0,,
2021-03-15,0,67,0.0,0,,0,,0,,
2021-03-16,0,67,0.0,0,,0,,0,,
2021-03-17,0,67,0.0,0,,0,,0,,
2021-03-18,0,67,0.0,0,,0,,0,,
2021-03-19,0,67,0.0,0,,0,,0,,
2021-03-20,0,67,0.0,0,,0,,0,,
2021-03-21,0,67,0.0,0,,0,,0,,
2021-03-22,1,68,1.5,0,,0,,0,,
2021-03-23,0,68,0.0,0,,0,,0,,
2021-03-24,0,68,0.0,0,,0,,0,,
2021-03-25,0,68,0.0,0,,0,,0,,
2021-03-26,0,68,0.0,0,,0,,0,,
2021-03-27,0,68,0.0,0,,0,,0,,
2021-03-28,0,68,0.0,0,,0,,0,,
2021-03-29,0,68,0.0,0,,0,,0,,
2021-03-30,0,68,0.0,0,,0,,0,,
2021-03-31,-1,67,-1.5,15,,15,,0.4224,,0:01:41
2021-04-01,1,68,1.5,9,-40.0,9,-40.0,0.0338,-92.0,0:00:13
2021-04-02,0,68,0.0,8,-11.1,8,-11.1,1.0526,3014.2,0:07:53
2021-04-03,0,68,0.0,4,-50.0,4,-50.0,0.0248,-97.6,0:00:22
2021-04-04,0,68,0.0,0,-100.0,0,-100.0,0,-100.0,
2021-04-05,0,68,0.0,0,,0,,0,,
2021-04-06,0,68,0.0,3,,3,,0.0117,,0:00:14
2021-04-07,0,68,0.0,3,0.0,3,0.0,0.0144,23.1,0:00:17
2021-04-08,0,68,0.0,0,-100.0,0,-100.0,0,-100.0,
2021-04-09,0,68,0.0,1,,1,,0.0001,,0:00:00
2021-04-10,0,68,0.0,0,-100.0,0,-100.0,0,-100.0,
2021-04-11,0,68,0.0,0,,0,,0,,
2021-04-12,0,68,0.0,1,,1,,0.0024,,0:00:08
2021-04-13,0,68,0.0,2,100.0,2,100.0,0.0102,325.0,0:00:18
2021-04-14,0,68,0.0,1,-50.0,1,-50.0,0.0086,-15.7,0:00:30
2021-04-15,0,68,0.0,1,0.0,1,0.0,0.0013,-84.9,0:00:04
2021-04-16,0,68,0.0,0,-100.0,0,-100.0,0,-100.0,
2021-04-17,1,69,1.5,11,,11,,0.0573,,0:00:18
2021-04-18,0,69,0.0,0,-100.0,0,-100.0,0,-100.0,
2021-04-19,0,69,0.0,2,,2,,0.006,,0:00:10
2021-04-20,0,69,0.0,0,-100.0,0,-100.0,0,-100.0,
2021-04-21,0,69,0.0,6,,6,,0.0178,,0:00:10
2021-04-22,0,69,0.0,0,-100.0,0,-100.0,0,-100.0,
2021-04-23,0,69,0.0,3,,3,,0.0133,,0:00:15
2021-04-24,0,69,0.0,3,0.0,3,0.0,0.0125,-6.0,0:00:15
2021-04-25,0,69,0.0,0,-100.0,0,-100.0,0,-100.0,
2021-04-26,-1,68,-1.4,1,,1,,0,,0:00:00
2021-04-27,0,68,0.0,0,-100.0,0,-100.0,0,,
2021-04-28,0,68,0.0,0,,0,,0,,
2021-04-29,0,68,0.0,0,,0,,0,,
2021-04-30,0,68,0.0,0,,0,,0,,
2021-05-01,0,68,0.0,1,,1,,0.005,,0:00:18
2021-05-02,-1,67,-1.5,3,200.0,3,200.0,0.0027,-46.0,0:00:03
2021-05-03,0,67,0.0,2,-33.3,2,-33.3,0.0136,403.7,0:00:24
2021-05-04,0,67,0.0,1,-50.0,1,-50.0,0.0014,-89.7,0:00:04
2021-05-05,0,67,0.0,0,-100.0,0,-100.0,0,-100.0,
2021-05-06,0,67,0.0,0,,0,,0,,
2021-05-07,0,67,0.0,1,,1,,0.0011,,0:00:03
2021-05-08,0,67,0.0,1,0.0,1,0.0,0.0016,45.5,0:00:05
2021-05-09,-1,66,-1.5,0,-100.0,0,-100.0,0,-100.0,
2021-05-10,0,66,0.0,1,,1,,0.0006,,0:00:01
2021-05-11,0,66,0.0,0,-100.0,0,-100.0,0,-100.0,
2021-05-12,0,66,0.0,1,,1,,0.0006,,0:00:02
2021-05-13,-1,65,-1.5,0,-100.0,0,-100.0,0,-100.0,
2021-05-14,0,65,0.0,0,,0,,0,,
2021-05-15,0,65,0.0,1,,1,,0.0004,,0:00:01
2021-05-16,0,65,0.0,1,0.0,1,0.0,0.0025,525.0,0:00:08
2021-05-17,0,65,0.0,0,-100.0,0,-100.0,0,-100.0,
2021-05-18,0,65,0.0,0,,0,,0,,
2021-05-19,0,65,0.0,0,,0,,0,,
2021-05-20,0,65,0.0,0,,0,,0,,
2021-05-21,0,65,0.0,1,,1,,0.0001,,0:00:00
2021-05-22,0,65,0.0,0,-100.0,0,-100.0,0,-100.0,
2021-05-23,-1,64,-1.5,0,,0,,0,,
2021-05-24,0,64,0.0,0,,0,,0,,
2021-05-25,0,64,0.0,0,,0,,0,,
2021-05-26,0,64,0.0,1,,1,,0.0001,,0:00:00
2021-05-27,0,64,0.0,0,-100.0,0,-100.0,0,-100.0,
2021-05-28,0,64,0.0,2,,2,,0.0083,,0:00:14
2021-05-29,0,64,0.0,1,-50.0,1,-50.0,0.0001,-98.8,0:00:00
2021-05-30,0,64,0.0,0,-100.0,0,-100.0,0,-100.0,
2021-05-31,0,64,0.0,0,,0,,0,,
2021-06-01,0,64,0.0,0,,0,,0,,
2021-06-02,0,64,0.0,0,,0,,0,,
2021-06-03,0,64,0.0,0,,0,,0,,
2021-06-04,0,64,0.0,1,,1,,0.0084,,0:00:30
2021-06-05,0,64,0.0,0,-100.0,0,-100.0,0,-100.0,
2021-06-06,0,64,0.0,0,,0,,0,,
2021-06-07,0,64,0.0,0,,0,,0,,
2021-06-08,0,64,0.0,1,,1,,0.0047,,0:00:17
2021-06-09,0,64,0.0,0,-100.0,0,-100.0,0,-100.0,
2021-06-10,0,64,0.0,1,,1,,0.002,,0:00:07
2021-06-11,0,64,0.0,0,-100.0,0,-100.0,0,-100.0,
2021-06-12,0,64,0.0,0,,0,,0,,
2021-06-13,0,64,0.0,1,,1,,0.0092,,0:00:33
2021-06-14,0,64,0.0,1,0.0,1,0.0,0.0021,-77.2,0:00:07
2021-06-15,0,64,0.0,0,-100.0,0,-100.0,0,-100.0,
2021-06-16,0,64,0.0,0,,0,,0,,
2021-06-17,0,64,0.0,1,,1,,0.0001,,0:00:00
2021-06-18,0,64,0.0,0,-100.0,0,-100.0,0,-100.0,
2021-06-19,-1,63,-1.6,1,,1,,0.0018,,0:00:06
2021-06-20,0,63,0.0,1,0.0,1,0.0,0,-100.0,0:00:00
2021-06-21,0,63,0.0,0,-100.0,0,-100.0,0,,
2021-06-22,0,63,0.0,1,,1,,0.0003,,0:00:01
2021-06-23,0,63,0.0,0,-100.0,0,-100.0,0,-100.0,
2021-06-24,0,63,0.0,0,,0,,0,,
2021-06-25,0,63,0.0,1,,1,,0.0067,,0:00:24
2021-06-26,0,63,0.0,2,100.0,2,100.0,0.0042,-37.3,0:00:07
2021-06-27,0,63,0.0,0,-100.0,0,-100.0,0,-100.0,
2021-06-28,0,63,0.0,0,,0,,0,,
2021-06-29,0,63,0.0,0,,0,,0,,
2021-06-30,0,63,0.0,1,,1,,0.0054,,0:00:19
2021-07-01,0,63,0.0,1,0.0,1,0.0,0.0014,-74.1,0:00:05
2021-07-02,-1,62,-1.6,1,0.0,1,0.0,0.0018,28.6,0:00:06
2021-07-03,0,62,0.0,0,-100.0,0,-100.0,0,-100.0,
2021-07-04,0,62,0.0,1,,1,,0.008,,0:00:28
2021-07-05,0,62,0.0,1,0.0,1,0.0,0.0066,-17.5,0:00:23
2021-07-06,0,62,0.0,1,0.0,1,0.0,0.0049,-25.8,0:00:17
2021-07-07,0,62,0.0,1,0.0,1,0.0,0.0034,-30.6,0:00:12
2021-07-08,0,62,0.0,0,-100.0,0,-100.0,0,-100.0,
2021-07-09,0,62,0.0,0,,0,,0,,
2021-07-10,0,62,0.0,2,,2,,0.0127,,0:00:22
2021-07-11,0,62,0.0,0,-100.0,0,-100.0,0,-100.0,
2021-07-12,0,62,0.0,0,,0,,0,,
2021-07-13,0,62,0.0,0,,0,,0,,
2021-07-14,0,62,0.0,0,,0,,0,,
2021-07-15,0,62,0.0,0,,0,,0,,
2021-07-16,0,62,0.0,1,,1,,0.0053,,0:00:18
2021-07-17,0,62,0.0,0,-100.0,0,-100.0,0,-100.0,
2021-07-18,0,62,0.0,0,,0,,0,,
2021-07-19,0,62,0.0,1,,1,,0.0087,,0:00:31
2021-07-20,0,62,0.0,2,100.0,2,100.0,0.0103,18.4,0:00:18
2021-07-21,0,62,0.0,0,-100.0,0,-100.0,0,-100.0,
2021-07-22,0,62,0.0,2,,2,,0.0089,,0:00:16
2021-07-23,0,62,0.0,0,-100.0,0,-100.0,0,-100.0,
2021-07-24,0,62,0.0,0,,0,,0,,
2021-07-25,0,62,0.0,0,,0,,0,,
2021-07-26,0,62,0.0,0,,0,,0,,
2021-07-27,0,62,0.0,2,,2,,0.0044,,0:00:07
2021-07-28,0,62,0.0,0,-100.0,0,-100.0,0,-100.0,
2021-07-29,0,62,0.0,0,,0,,0,,
2021-07-30,0,62,0.0,0,,0,,0,,
2021-07-31,0,62,0.0,0,,0,,0,,
2021-08-01,0,62,0.0,4,,4,,0.013,,0:00:11
2021-08-02,0,62,0.0,0,-100.0,0,-100.0,0,-100.0,
2021-08-03,0,62,0.0,0,,0,,0,,
2021-08-04,0,62,0.0,0,,0,,0,,
2021-08-05,0,62,0.0,0,,0,,0,,
2021-08-06,1,63,1.6,2,,2,,0.0126,,0:00:22
2021-08-07,0,63,0.0,0,-100.0,0,-100.0,0,-100.0,
2021-08-08,0,63,0.0,0,,0,,0,,
2021-08-09,1,64,1.6,0,,0,,0,,
2021-08-10,0,64,0.0,0,,0,,0,,
2021-08-11,0,64,0.0,1,,1,,0.0022,,0:00:08
2021-08-12,0,64,0.0,1,0.0,1,0.0,0.0037,68.2,0:00:13
2021-08-13,0,64,0.0,1,0.0,1,0.0,0.0086,132.4,0:00:30
2021-08-14,0,64,0.0,1,0.0,1,0.0,0.0016,-81.4,0:00:05
2021-08-15,0,64,0.0,1,0.0,1,0.0,0.0055,243.8,0:00:19
2021-08-16,0,64,0.0,0,-100.0,0,-100.0,0,-100.0,
2021-08-17,0,64,0.0,0,,0,,0,,
2021-08-18,0,64,0.0,0,,0,,0,,
2021-08-19,-1,63,-1.6,0,,0,,0,,
2021-08-20,0,63,0.0,0,,0,,0,,
2021-08-21,0,63,0.0,0,,0,,0,,
2021-08-22,0,63,0.0,0,,0,,0,,
2021-08-23,0,63,0.0,0,,0,,0,,
2021-08-24,0,63,0.0,0,,0,,0,,
2021-08-25,0,63,0.0,0,,0,,0,,
2021-08-26,0,63,0.0,0,,0,,0,,
2021-08-27,3,66,4.8,1,,1,,0.0013,,0:00:04
2021-08-28,0,66,0.0,2,100.0,2,100.0,0.0017,30.8,0:00:03
2021-08-29,0,66,0.0,32,1500.0,32,1500.0,0.5345,31341.2,0:01:00
2021-08-30,0,66,0.0,8,-75.0,8,-75.0,0.1973,-63.1,0:01:28
2021-08-31,0,66,0.0,1,-87.5,1,-87.5,0.0041,-97.9,0:00:14
2021-09-01,0,66,0.0,1,0.0,1,0.0,0.0281,585.4,0:01:41
2021-09-02,0,66,0.0,0,-100.0,0,-100.0,0,-100.0,
2021-09-03,0,66,0.0,1,,1,,0.0006,,0:00:02
2021-09-04,0,66,0.0,0,-100.0,0,-100.0,0,-100.0,
2021-09-05,0,66,0.0,5,,5,,0.0185,,0:00:13
2021-09-06,0,66,0.0,1,-80.0,1,-80.0,0.0011,-94.1,0:00:03
2021-09-07,0,66,0.0,2,100.0,2,100.0,0.008,627.3,0:00:14
2021-09-08,-1,65,-1.5,3,50.0,3,50.0,0.0171,113.8,0:00:20
2021-09-09,0,65,0.0,9,200.0,9,200.0,0.1973,1053.8,0:01:18
2021-09-10,0,65,0.0,1,-88.9,1,-88.9,0.0147,-92.5,0:00:52
2021-09-11,0,65,0.0,1,0.0,1,0.0,0.0098,-33.3,0:00:35
2021-09-12,0,65,0.0,0,-100.0,0,-100.0,0,-100.0,
2021-09-13,0,65,0.0,1,,1,,0.0006,,0:00:02
2021-09-14,0,65,0.0,1,0.0,1,0.0,0.0008,33.3,0:00:03
2021-09-15,0,65,0.0,1,0.0,1,0.0,0.0031,287.5,0:00:11
2021-09-16,0,65,0.0,1,0.0,1,0.0,0.0003,-90.3,0:00:00
2021-09-17,0,65,0.0,2,100.0,2,100.0,0.0046,1433.3,0:00:08
2021-09-18,0,65,0.0,1,-50.0,1,-50.0,0.04,769.6,0:02:24
2021-09-19,0,65,0.0,2,100.0,2,100.0,0.004,-90.0,0:00:07
2021-09-20,1,66,1.5,2,0.0,2,0.0,0.0494,1135.0,0:01:28
2021-09-21,0,66,0.0,2,0.0,2,0.0,0.0712,44.1,0:02:08
2021-09-22,0,66,0.0,0,-100.0,0,-100.0,0,-100.0,
2021-09-23,0,66,0.0,1,,1,,0.003,,0:00:10
2021-09-24,0,66,0.0,4,300.0,4,300.0,0.0432,1340.0,0:00:38
2021-09-25,0,66,0.0,1,-75.0,1,-75.0,0.0961,122.5,0:05:45
2021-09-26,0,66,0.0,1,0.0,1,0.0,0.0008,-99.2,0:00:02
2021-09-27,0,66,0.0,7,600.0,7,600.0,0.0412,5050.0,0:00:21
2021-09-28,1,67,1.5,1,-85.7,1,-85.7,0.0118,-71.4,0:00:42
2021-09-29,0,67,0.0,0,-100.0,0,-100.0,0,-100.0,
2021-09-30,0,67,0.0,1,,1,,0.003,,0:00:10
2021-10-01,0,67,0.0,0,-100.0,0,-100.0,0,-100.0,
2021-10-02,0,67,0.0,1,,1,,0.0025,,0:00:09
2021-10-03,0,67,0.0,1,0.0,1,0.0,0.0019,-24.0,0:00:07
2021-10-04,0,67,0.0,1,0.0,1,0.0,0.0009,-52.6,0:00:03
2021-10-05,0,67,0.0,0,-100.0,0,-100.0,0,-100.0,
2021-10-06,0,67,0.0,0,,0,,0,,
2021-10-07,0,67,0.0,0,,0,,0,,
2021-10-08,0,67,0.0,0,,0,,0,,
2021-10-09,0,67,0.0,4,,4,,0.0229,,0:00:20
2021-10-10,2,69,3.0,2,-50.0,2,-50.0,0.0016,-93.0,0:00:02
2021-10-11,0,69,0.0,2,0.0,2,0.0,0.0097,506.3,0:00:17
2021-10-12,0,69,0.0,1,-50.0,1,-50.0,0.003,-69.1,0:00:10
2021-10-13,0,69,0.0,0,-100.0,0,-100.0,0,-100.0,
2021-10-14,0,69,0.0,1,,1,,0.008,,0:00:28
2021-10-15,0,69,0.0,2,100.0,2,100.0,0.0005,-93.8,0:00:00
2021-10-16,0,69,0.0,1,-50.0,1,-50.0,0.0006,20.0,0:00:02
2021-10-17,0,69,0.0,1,0.0,1,0.0,0.0003,-50.0,0:00:01
2021-10-18,0,69,0.0,0,-100.0,0,-100.0,0,-100.0,
2021-10-19,0,69,0.0,1,,1,,0.0003,,0:00:00
2021-10-20,0,69,0.0,0,-100.0,0,-100.0,0,-100.0,
2021-10-21,0,69,0.0,4,,4,,0.0157,,0:00:14
2021-10-22,0,69,0.0,0,-100.0,0,-100.0,0,-100.0,
2021-10-23,0,69,0.0,2,,2,,0.0056,,0:00:10
2021-10-24,0,69,0.0,5,150.0,5,150.0,0.0158,182.1,0:00:11
2021-10-25,0,69,0.0,1,-80.0,1,-80.0,0.0003,-98.1,0:00:00
2021-10-26,0,69,0.0,1,0.0,1,0.0,0,-100.0,0:00:00
2021-10-27,0,69,0.0,0,-100.0,0,-100.0,0,,
2021-10-28,0,69,0.0,4,,4,,0.0048,,0:00:04
2021-10-29,0,69,0.0,0,-100.0,0,-100.0,0,-100.0,
2021-10-30,-1,68,-1.4,1,,1,,0.0136,,0:00:48
2021-10-31,0,68,0.0,4,300.0,4,300.0,0.0122,-10.3,0:00:10
2021-11-01,0,68,0.0,0,-100.0,0,-100.0,0,-100.0,
2021-11-02,0,68,0.0,1,,1,,0.0047,,0:00:17
2021-11-03,0,68,0.0,3,200.0,3,200.0,0.0054,14.9,0:00:06
2021-11-04,0,68,0.0,0,-100.0,0,-100.0,0,-100.0,
2021-11-05,0,68,0.0,0,,0,,0,,
2021-11-06,0,68,0.0,0,,0,,0,,
2021-11-07,0,68,0.0,1,,1,,0.0003,,0:00:00
2021-11-08,0,68,0.0,0,-100.0,0,-100.0,0,-100.0,
2021-11-09,0,68,0.0,0,,0,,0,,
2021-11-10,0,68,0.0,1,,1,,0.0037,,0:00:13
2021-11-11,0,68,0.0,0,-100.0,0,-100.0,0,-100.0,
2021-11-12,0,68,0.0,0,,0,,0,,
2021-11-13,0,68,0.0,3,,3,,0.0105,,0:00:12
2021-11-14,0,68,0.0,0,-100.0,0,-100.0,0,-100.0,
2021-11-15,0,68,0.0,2,,2,,0.0032,,0:00:05
2021-11-16,0,68,0.0,1,-50.0,1,-50.0,0.0003,-90.6,0:00:01
2021-11-17,0,68,0.0,1,0.0,1,0.0,0.0025,733.3,0:00:08
2021-11-18,0,68,0.0,1,0.0,1,0.0,0.0066,164.0,0:00:23
2021-11-19,0,68,0.0,0,-100.0,0,-100.0,0,-100.0,
2021-11-20,0,68,0.0,2,,2,,0.0568,,0:01:42
2021-11-21,0,68,0.0,0,-100.0,0,-100.0,0,-100.0,
2021-11-22,0,68,0.0,2,,2,,0.0014,,0:00:02
2021-11-23,0,68,0.0,1,-50.0,1,-50.0,0.014,900.0,0:00:50
2021-11-24,0,68,0.0,1,0.0,1,0.0,0.003,-78.6,0:00:10
2021-11-25,0,68,0.0,2,100.0,2,100.0,0.0197,556.7,0:00:35
2021-11-26,0,68,0.0,1,-50.0,1,-50.0,0.0002,-99.0,0:00:00
2021-11-27,0,68,0.0,0,-100.0,0,-100.0,0,-100.0,
2021-11-28,0,68,0.0,0,,0,,0,,
2021-11-29,0,68,0.0,0,,0,,0,,
2021-11-30,0,68,0.0,0,,0,,0,,
2021-12-01,0,68,0.0,0,,0,,0,,
2021-12-02,0,68,0.0,0,,0,,0,,
2021-12-03,0,68,0.0,16,,16,,0.1477,,0:00:33
2021-12-04,0,68,0.0,23,43.8,23,43.8,0.7522,409.3,0:01:57
2021-12-05,0,68,0.0,5,-78.3,5,-78.3,0.0269,-96.4,0:00:19
2021-12-06,0,68,0.0,1,-80.0,1,-80.0,0.0174,-35.3,0:01:02
2021-12-07,0,68,0.0,7,600.0,7,600.0,0.0119,-31.6,0:00:06
2021-12-08,0,68,0.0,5,-28.6,5,-28.6,0.0606,409.2,0:00:43
2021-12-09,0,68,0.0,1,-80.0,1,-80.0,0.0019,-96.9,0:00:06
2021-12-10,0,68,0.0,6,500.0,6,500.0,0.0483,2442.1,0:00:28
2021-12-11,0,68,0.0,3,-50.0,3,-50.0,0.0057,-88.2,0:00:06
2021-12-12,0,68,0.0,0,-100.0,0,-100.0,0,-100.0,
2021-12-13,0,68,0.0,2,,2,,0.0003,,0:00:00
2021-12-14,0,68,0.0,1,-50.0,1,-50.0,0.0202,6633.3,0:01:12
2021-12-15,0,68,0.0,2,100.0,2,100.0,0.0215,6.4,0:00:38
2021-12-16,0,68,0.0,5,150.0,5,150.0,0.0073,-66.0,0:00:05
2021-12-17,0,68,0.0,0,-100.0,0,-100.0,0,-100.0,
2021-12-18,0,68,0.0,4,,4,,0.1226,,0:01:50
2021-12-19,0,68,0.0,0,-100.0,0,-100.0,0,-100.0,
2021-12-20,0,68,0.0,0,,0,,0,,
2021-12-21,0,68,0.0,1,,1,,0.0014,,0:00:04
2021-12-22,0,68,0.0,1,0.0,1,0.0,0.002,42.9,0:00:07
2021-12-23,0,68,0.0,8,700.0,8,700.0,0.0642,3110.0,0:00:28
2021-12-24,0,68,0.0,13,62.5,13,62.5,0.5128,698.8,0:02:22
2021-12-25,0,68,0.0,6,-53.8,6,-53.8,0.533,3.9,0:05:19
2021-12-26,0,68,0.0,0,-100.0,0,-100.0,0,-100.0,
2021-12-27,0,68,0.0,7,,7,,1.3295,,0:11:23
2021-12-28,0,68,0.0,1,-85.7,1,-85.7,0.0008,-99.9,0:00:02
2021-12-29,0,68,0.0,0,-100.0,0,-100.0,0,-100.0,
2021-12-30,0,68,0.0,0,,0,,0,,
2021-12-31,0,68,0.0,1,,1,,0,,0:00:00
2022-01-01,0,68,0.0,4,300.0,4,300.0,0.0047,,0:00:04
2022-01-02,0,68,0.0,1,-75.0,1,-75.0,0.0525,1017.0,0:03:09
2022-01-03,0,68,0.0,0,-100.0,0,-100.0,0,-100.0,
2022-01-04,0,68,0.0,13,,13,,0.0081,,0:00:02
2022-01-05,-1,67,-1.5,0,-100.0,0,-100.0,0,-100.0,
2022-01-06,0,67,0.0,0,,0,,0,,
2022-01-07,0,67,0.0,0,,0,,0,,
2022-01-08,0,67,0.0,0,,0,,0,,
2022-01-09,0,67,0.0,1,,1,,0.0142,,0:00:51
2022-01-10,0,67,0.0,0,-100.0,0,-100.0,0,-100.0,
2022-01-11,0,67,0.0,0,,0,,0,,
2022-01-12,0,67,0.0,5,,5,,0.104,,0:01:14
2022-01-13,0,67,0.0,2,-60.0,2,-60.0,0.023,-77.9,0:00:41
2022-01-14,0,67,0.0,1,-50.0,1,-50.0,0.0099,-57.0,0:00:35
2022-01-15,0,67,0.0,0,-100.0,0,-100.0,0,-100.0,
2022-01-16,0,67,0.0,5,,5,,0.0619,,0:00:44
2022-01-17,0,67,0.0,1,-80.0,1,-80.0,0.001,-98.4,0:00:03
2022-01-18,0,67,0.0,3,200.0,3,200.0,0.0299,2890.0,0:00:35
2022-01-19,0,67,0.0,1,-66.7,1,-66.7,0.0001,-99.7,0:00:00
2022-01-20,0,67,0.0,1,0.0,1,0.0,0.0004,300.0,0:00:01
2022-01-21,-2,65,-3.0,10,900.0,10,900.0,0.0468,11600.0,0:00:16
2022-01-22,0,65,0.0,1,-90.0,1,-90.0,0.0025,-94.7,0:00:08
2022-01-23,0,65,0.0,0,-100.0,0,-100.0,0,-100.0,
2022-01-24,0,65,0.0,0,,0,,0,,
2022-01-25,0,65,0.0,1,,1,,0.0061,,0:00:22
2022-01-26,-1,64,-1.5,2,100.0,2,100.0,0.0086,41.0,0:00:15
2022-01-27,0,64,0.0,2,0.0,2,0.0,0.0043,-50.0,0:00:07
2022-01-28,0,64,0.0,2,0.0,2,0.0,0.069,1504.7,0:02:04
2022-01-29,0,64,0.0,1,-50.0,1,-50.0,0.0083,-88.0,0:00:30
2022-01-30,0,64,0.0,1,0.0,1,0.0,0.0122,47.0,0:00:43
2022-01-31,0,64,0.0,3,200.0,3,200.0,0.1604,1214.8,0:03:12
2022-02-01,0,64,0.0,1,-66.7,1,-66.7,0.002,-98.8,0:00:07
2022-02-02,0,64,0.0,0,-100.0,0,-100.0,0,-100.0,
2022-02-03,0,64,0.0,0,,0,,0,,
2022-02-04,0,64,0.0,2,,2,,0.0216,,0:00:38
2022-02-05,0,64,0.0,0,-100.0,0,-100.0,0,-100.0,
2022-02-06,-1,63,-1.6,0,,0,,0,,
2022-02-07,0,63,0.0,1,,1,,0.0056,,0:00:19
2022-02-08,0,63,0.0,13,1200.0,13,1200.0,1.0026,17803.6,0:04:37
2022-02-09,0,63,0.0,3,-76.9,3,-76.9,0.0111,-98.9,0:00:13
2022-02-10,0,63,0.0,1,-66.7,1,-66.7,0.0938,745.0,0:05:37
2022-02-11,0,63,0.0,7,600.0,7,600.0,0.167,78.0,0:01:25
2022-02-12,0,63,0.0,14,100.0,14,100.0,0.037,-77.8,0:00:09
2022-02-13,0,63,0.0,7,-50.0,7,-50.0,0.0808,118.4,0:00:41
2022-02-14,0,63,0.0,10,42.9,10,42.9,0.1151,42.5,0:00:41
2022-02-15,1,64,1.6,2,-80.0,2,-80.0,0.0785,-31.8,0:02:21
2022-02-16,0,64,0.0,5,150.0,5,150.0,0.0359,-54.3,0:00:25
2022-02-17,0,64,0.0,3,-40.0,3,-40.0,0.0153,-57.4,0:00:18
2022-02-18,0,64,0.0,1,-66.7,1,-66.7,0.0089,-41.8,0:00:31
2022-02-19,0,64,0.0,5,400.0,5,400.0,0.1432,1509.0,0:01:43
2022-02-20,0,64,0.0,4,-20.0,4,-20.0,0.0356,-75.1,0:00:32
2022-02-21,1,65,1.6,3,-25.0,3,-25.0,0.0023,-93.5,0:00:02
2022-02-22,0,65,0.0,3,0.0,3,0.0,0.0633,2652.2,0:01:15
2022-02-23,0,65,0.0,4,33.3,4,33.3,0.0401,-36.7,0:00:36
2022-02-24,0,65,0.0,3,-25.0,3,-25.0,0.0209,-47.9,0:00:25
2022-02-25,0,65,0.0,2,-33.3,2,-33.3,0.0224,7.2,0:00:40
2022-02-26,0,65,0.0,4,100.0,4,100.0,0.0082,-63.4,0:00:07
2022-02-27,0,65,0.0,0,-100.0,0,-100.0,0,-100.0,
2022-02-28,0,65,0.0,2,,2,,0.004,,0:00:07
2022-03-01,0,65,0.0,2,0.0,2,0.0,0.005,25.0,0:00:08
2022-03-02,0,65,0.0,1,-50.0,1,-50.0,0.0027,-46.0,0:00:09
2022-03-03,0,65,0.0,3,200.0,3,200.0,0.003,11.1,0:00:03
2022-03-04,0,65,0.0,0,-100.0,0,-100.0,0,-100.0,
2022-03-05,0,65,0.0,7,,7,,0.0576,,0:00:29
2022-03-06,0,65,0.0,0,-100.0,0,-100.0,0,-100.0,
2022-03-07,0,65,0.0,0,,0,,0,,
2022-03-08,0,65,0.0,0,,0,,0,,
2022-03-09,0,65,0.0,2,,2,,0.0132,,0:00:23
2022-03-10,0,65,0.0,2,0.0,2,0.0,0.0243,84.1,0:00:43
2022-03-11,0,65,0.0,2,0.0,2,0.0,0.0368,51.4,0:01:06
2022-03-12,0,65,0.0,7,250.0,7,250.0,0.0973,164.4,0:00:50
2022-03-13,0,65,0.0,0,-100.0,0,-100.0,0,-100.0,
2022-03-14,0,65,0.0,0,,0,,0,,
2022-03-15,0,65,0.0,3,,3,,0.2947,,0:05:53
2022-03-16,0,65,0.0,0,-100.0,0,-100.0,0,-100.0,
2022-03-17,0,65,0.0,0,,0,,0,,
2022-03-18,0,65,0.0,0,,0,,0,,
2022-03-19,0,65,0.0,0,,0,,0,,
2022-03-20,0,65,0.0,0,,0,,0,,
2022-03-21,1,66,1.5,0,,0,,0,,
2022-03-22,-1,65,-1.5,0,,0,,0,,
2022-03-23,0,65,0.0,0,,0,,0,,
2022-03-24,0,65,0.0,0,,0,,0,,
2022-03-25,0,65,0.0,0,,0,,0,,
2022-03-26,0,65,0.0,0,,0,,0,,
2022-03-27,0,65,0.0,0,,0,,0,,
2022-03-28,0,65,0.0,0,,0,,0,,
2022-03-29,0,65,0.0,1,,1,,0.0028,,0:00:10
2022-03-30,0,65,0.0,1,0.0,1,0.0,0.0092,228.6,0:00:33
2022-03-31,0,65,0.0,0,-100.0,0,-100.0,0,-100.0,
2022-04-01,0,65,0.0,0,,0,,0,,
2022-04-02,0,65,0.0,4,,4,,0.4082,,0:06:07
2022-04-03,0,65,0.0,1,-75.0,1,-75.0,0.003,-99.3,0:00:10
2022-04-04,0,65,0.0,2,100.0,2,100.0,0.0207,590.0,0:00:37
2022-04-05,0,65,0.0,1,-50.0,1,-50.0,0.0088,-57.5,0:00:31
2022-04-06,0,65,0.0,0,-100.0,0,-100.0,0,-100.0,
2022-04-07,0,65,0.0,0,,0,,0,,
2022-04-08,0,65,0.0,1,,1,,0.003,,0:00:10
2022-04-09,0,65,0.0,1,0.0,1,0.0,0.0086,186.7,0:00:30
2022-04-10,0,65,0.0,0,-100.0,0,-100.0,0,-100.0,
2022-04-11,0,65,0.0,1,,1,,0.0031,,0:00:11
2022-04-12,0,65,0.0,0,-100.0,0,-100.0,0,-100.0,
2022-04-13,0,65,0.0,0,,0,,0,,
2022-04-14,0,65,0.0,0,,0,,0,,
2022-04-15,0,65,0.0,6,,6,,0.0235,,0:00:14
2022-04-16,0,65,0.0,3,-50.0,3,-50.0,0.0464,97.4,0:00:55
2022-04-17,0,65,0.0,5,66.7,5,66.7,0.1348,190.5,0:01:37
2022-04-18,0,65,0.0,11,120.0,11,120.0,0.068,-49.6,0:00:22
2022-04-19,0,65,0.0,2,-81.8,2,-81.8,0.014,-79.4,0:00:25
2022-04-20,0,65,0.0,3,50.0,3,50.0,0.0128,-8.6,0:00:15
2022-04-21,0,65,0.0,2,-33.3,2,-33.3,0.1791,1299.2,0:05:22
2022-04-22,0,65,0.0,8,300.0,8,300.0,1.4341,700.7,0:10:45
2022-04-23,0,65,0.0,3,-62.5,3,-62.5,0.1599,-88.9,0:03:11
2022-04-24,0,65,0.0,7,133.3,7,133.3,0.0778,-51.3,0:00:39
2022-04-25,0,65,0.0,5,-28.6,5,-28.6,0.1487,91.1,0:01:47
2022-04-26,0,65,0.0,2,-60.0,2,-60.0,0.0616,-58.6,0:01:50
2022-04-27,-1,64,-1.5,1,-50.0,1,-50.0,0.0577,-6.3,0:03:27
2022-04-28,1,65,1.6,1,0.0,1,0.0,0.0208,-64.0,0:01:14
2022-04-29,0,65,0.0,0,-100.0,0,-100.0,0,-100.0,
2022-04-30,0,65,0.0,1,,1,,0.0839,,0:05:02
2022-05-01,0,65,0.0,2,100.0,2,100.0,0.2216,164.1,0:06:38
2022-05-02,0,65,0.0,1,-50.0,1,-50.0,0.0061,-97.2,0:00:22
2022-05-03,0,65,0.0,0,-100.0,0,-100.0,0,-100.0,
2022-05-04,0,65,0.0,0,,0,,0,,
2022-05-05,0,65,0.0,1,,1,,0.0068,,0:00:24
2022-05-06,0,65,0.0,2,100.0,2,100.0,0.0265,289.7,0:00:47
2022-05-07,0,65,0.0,2,0.0,2,0.0,0.0262,-1.1,0:00:47
2022-05-08,0,65,0.0,3,50.0,3,50.0,0.4036,1440.5,0:08:04
2022-05-09,0,65,0.0,0,-100.0,0,-100.0,0,-100.0,
2022-05-10,0,65,0.0,0,,0,,0,,
2022-05-11,0,65,0.0,0,,0,,0,,
2022-05-12,0,65,0.0,0,,0,,0,,
2022-05-13,1,66,1.5,5,,5,,0.0772,,0:00:55
2022-05-14,0,66,0.0,1,-80.0,1,-80.0,0.034,-56.0,0:02:02
2022-05-15,0,66,0.0,0,-100.0,0,-100.0,0,-100.0,
2022-05-16,0,66,0.0,3,,3,,0.0095,,0:00:11
2022-05-17,0,66,0.0,3,0.0,3,0.0,0.006,-36.8,0:00:07
2022-05-18,0,66,0.0,3,0.0,3,0.0,0.0722,1103.3,0:01:26
2022-05-19,0,66,0.0,2,-33.3,2,-33.3,0.0605,-16.2,0:01:48
2022-05-20,0,66,0.0,1,-50.0,1,-50.0,0.0057,-90.6,0:00:20
2022-05-21,0,66,0.0,3,200.0,3,200.0,0.1027,1701.8,0:02:03
2022-05-22,0,66,0.0,2,-33.3,2,-33.3,0.059,-42.6,0:01:46
2022-05-23,0,66,0.0,1,-50.0,1,-50.0,0.0647,9.7,0:03:53
2022-05-24,0,66,0.0,1,0.0,1,0.0,0.038,-41.3,0:02:16
2022-05-25,0,66,0.0,0,-100.0,0,-100.0,0,-100.0,
2022-05-26,0,66,0.0,0,,0,,0,,
2022-05-27,0,66,0.0,0,,0,,0,,
2022-05-28,0,66,0.0,1,,1,,0.0008,,0:00:02
2022-05-29,0,66,0.0,1,0.0,1,0.0,0,-100.0,0:00:00
2022-05-30,0,66,0.0,2,100.0,2,100.0,0.0073,,0:00:13
2022-05-31,0,66,0.0,0,-100.0,0,-100.0,0,-100.0,
2022-06-01,0,66,0.0,0,,0,,0,,
2022-06-02,0,66,0.0,1,,1,,0.0449,,0:02:41
2022-06-03,0,66,0.0,2,100.0,2,100.0,0.0011,-97.6,0:00:01
2022-06-04,0,66,0.0,3,50.0,3,50.0,0.0027,145.5,0:00:03
2022-06-05,0,66,0.0,0,-100.0,0,-100.0,0,-100.0,
2022-06-06,0,66,0.0,0,,0,,0,,
2022-06-07,0,66,0.0,4,,4,,0.0933,,0:01:23
2022-06-08,0,66,0.0,0,-100.0,0,-100.0,0,-100.0,
2022-06-09,0,66,0.0,1,,1,,0.0115,,0:00:41
2022-06-10,-1,65,-1.5,0,-100.0,0,-100.0,0,-100.0,
2022-06-11,0,65,0.0,0,,0,,0,,
2022-06-12,0,65,0.0,2,,2,,0.1919,,0:05:45
2022-06-13,0,65,0.0,2,0.0,2,0.0,0.001,-99.5,0:00:01
2022-06-14,0,65,0.0,2,0.0,2,0.0,0.0354,3440.0,0:01:03
2022-06-15,0,65,0.0,2,0.0,2,0.0,0.11,210.7,0:03:18
2022-06-16,0,65,0.0,5,150.0,5,150.0,0.0405,-63.2,0:00:29
2022-06-17,0,65,0.0,24,380.0,24,380.0,0.3324,720.7,0:00:49
2022-06-18,0,65,0.0,3,-87.5,3,-87.5,0.0069,-97.9,0:00:08
2022-06-19,0,65,0.0,2,-33.3,2,-33.3,0.0155,124.6,0:00:27
2022-06-20,0,65,0.0,2,0.0,2,0.0,0.0348,124.5,0:01:02
2022-06-21,0,65,0.0,3,50.0,3,50.0,0.0193,-44.5,0:00:23
2022-06-22,0,65,0.0,0,-100.0,0,-100.0,0,-100.0,
2022-06-23,0,65,0.0,1,,1,,0.0005,,0:00:01
2022-06-24,0,65,0.0,0,-100.0,0,-100.0,0,-100.0,
2022-06-25,0,65,0.0,5,,5,,0.0183,,0:00:13
2022-06-26,0,65,0.0,3,-40.0,3,-40.0,0.0069,-62.3,0:00:08
2022-06-27,0,65,0.0,3,0.0,3,0.0,0.0042,-39.1,0:00:05
2022-06-28,0,65,0.0,0,-100.0,0,-100.0,0,-100.0,
2022-06-29,0,65,0.0,4,,4,,0.076,,0:01:08
2022-06-30,0,65,0.0,8,100.0,8,100.0,0.038,-50.0,0:00:17
2022-07-01,-1,64,-1.5,4,-50.0,4,-50.0,0.0204,-46.3,0:00:18
2022-07-02,0,64,0.0,0,-100.0,0,-100.0,0,-100.0,
2022-07-03,0,64,0.0,0,,0,,0,,
2022-07-04,0,64,0.0,4,,4,,0.0026,,0:00:02
2022-07-05,0,64,0.0,1,-75.0,1,-75.0,0.006,130.8,0:00:21
2022-07-06,0,64,0.0,1,0.0,1,0.0,0.0052,-13.3,0:00:18
2022-07-07,0,64,0.0,2,100.0,2,100.0,0.0118,126.9,0:00:21
2022-07-08,0,64,0.0,2,0.0,2,0.0,0.0741,528.0,0:02:13
2022-07-09,0,64,0.0,0,-100.0,0,-100.0,0,-100.0,
2022-07-10,0,64,0.0,1,,1,,0.0028,,0:00:10
2022-07-11,0,64,0.0,0,-100.0,0,-100.0,0,-100.0,
2022-07-12,0,64,0.0,0,,0,,0,,
2022-07-13,0,64,0.0,0,,0,,0,,
2022-07-14,0,64,0.0,2,,2,,0.0588,,0:01:45
2022-07-15,0,64,0.0,10,400.0,10,400.0,0.1341,128.1,0:00:48
2022-07-16,0,64,0.0,3,-70.0,3,-70.0,0.0669,-50.1,0:01:20
2022-07-17,0,64,0.0,0,-100.0,0,-100.0,0,-100.0,
2022-07-18,0,64,0.0,7,,7,,0.078,,0:00:40
2022-07-19,0,64,0.0,1,-85.7,1,-85.7,0.0064,-91.8,0:00:22
2022-07-20,0,64,0.0,1,0.0,1,0.0,0.0491,667.2,0:02:56
2022-07-21,0,64,0.0,2,100.0,2,100.0,0.0194,-60.5,0:00:34
2022-07-22,0,64,0.0,0,-100.0,0,-100.0,0,-100.0,
2022-07-23,0,64,0.0,0,,0,,0,,
2022-07-24,0,64,0.0,2,,2,,0.0772,,0:02:18
2022-07-25,0,64,0.0,1,-50.0,1,-50.0,0.002,-97.4,0:00:07
2022-07-26,0,64,0.0,0,-100.0,0,-100.0,0,-100.0,
2022-07-27,0,64,0.0,0,,0,,0,,
2022-07-28,0,64,0.0,1,,1,,0.0011,,0:00:04
2022-07-29,0,64,0.0,0,-100.0,0,-100.0,0,-100.0,
2022-07-30,0,64,0.0,0,,0,,0,,
2022-07-31,0,64,0.0,1,,1,,0.1279,,0:07:40
2022-08-01,0,64,0.0,1,0.0,1,0.0,0.0018,-98.6,0:00:06
2022-08-02,0,64,0.0,5,400.0,5,400.0,0.0351,1850.0,0:00:25
2022-08-03,0,64,0.0,1,-80.0,1,-80.0,0.0362,3.1,0:02:10
2022-08-04,0,64,0.0,3,200.0,3,200.0,0.0146,-59.7,0:00:17
2022-08-05,0,64,0.0,4,33.3,4,33.3,0.0746,411.0,0:01:07
2022-08-06,0,64,0.0,11,175.0,11,175.0,1.0235,1272.0,0:05:34
2022-08-07,0,64,0.0,8,-27.3,8,-27.3,0.0794,-92.2,0:00:35
2022-08-08,1,65,1.6,16,100.0,16,100.0,0.0703,-11.5,0:00:15
2022-08-09,0,65,0.0,3,-81.3,3,-81.3,0.0313,-55.5,0:00:37
2022-08-10,0,65,0.0,2,-33.3,2,-33.3,0.0125,-60.1,0:00:22
2022-08-11,0,65,0.0,3,50.0,3,50.0,0.0021,-83.2,0:00:02
2022-08-12,-1,64,-1.5,2,-33.3,2,-33.3,0.0056,166.7,0:00:10
2022-08-13,0,64,0.0,2,0.0,2,0.0,0.0405,623.2,0:01:12
2022-08-14,0,64,0.0,1,-50.0,1,-50.0,0.0469,15.8,0:02:48
2022-08-15,0,64,0.0,0,-100.0,0,-100.0,0,-100.0,
2022-08-16,0,64,0.0,9,,9,,0.0197,,0:00:07
2022-08-17,-1,63,-1.6,24,166.7,24,166.7,0.6276,3085.8,0:01:34
2022-08-18,0,63,0.0,32,33.3,32,33.3,0.7635,21.7,0:01:25
2022-08-19,0,63,0.0,0,-100.0,0,-100.0,0,-100.0,
2022-08-20,0,63,0.0,1,,1,,0.0031,,0:00:11
2022-08-21,0,63,0.0,1,0.0,1,0.0,0.0005,-83.9,0:00:01
2022-08-22,0,63,0.0,0,-100.0,0,-100.0,0,-100.0,
2022-08-23,0,63,0.0,0,,0,,0,,
2022-08-24,0,63,0.0,2,,2,,0.0083,,0:00:14
2022-08-25,0,63,0.0,9,350.0,9,350.0,0.2133,2469.9,0:01:25
2022-08-26,0,63,0.0,1,-88.9,1,-88.9,0.0571,-73.2,0:03:25
2022-08-27,0,63,0.0,1,0.0,1,0.0,0.0172,-69.9,0:01:01
2022-08-28,0,63,0.0,1,0.0,1,0.0,0.0024,-86.0,0:00:08
2022-08-29,0,63,0.0,0,-100.0,0,-100.0,0,-100.0,
2022-08-30,0,63,0.0,2,,2,,0.0186,,0:00:33
2022-08-31,-1,62,-1.6,3,50.0,3,50.0,0.1681,803.8,0:03:21
2022-09-01,0,62,0.0,5,66.7,5,66.7,0.0605,-64.0,0:00:43
2022-09-02,0,62,0.0,2,-60.0,2,-60.0,0.0102,-83.1,0:00:18
2022-09-03,0,62,0.0,0,-100.0,0,-100.0,0,-100.0,
2022-09-04,0,62,0.0,3,,3,,0.0169,,0:00:20
2022-09-05,0,62,0.0,9,200.0,9,200.0,0.0142,-16.0,0:00:05
2022-09-06,0,62,0.0,0,-100.0,0,-100.0,0,-100.0,
2022-09-07,0,62,0.0,1,,1,,0.0083,,0:00:29
2022-09-08,0,62,0.0,1,0.0,1,0.0,0.023,177.1,0:01:22
2022-09-09,0,62,0.0,3,200.0,3,200.0,0.0182,-20.9,0:00:21
2022-09-10,0,62,0.0,0,-100.0,0,-100.0,0,-100.0,
2022-09-11,0,62,0.0,0,,0,,0,,
2022-09-12,0,62,0.0,2,,2,,0.0021,,0:00:03
2022-09-13,0,62,0.0,0,-100.0,0,-100.0,0,-100.0,
2022-09-14,0,62,0.0,0,,0,,0,,
2022-09-15,0,62,0.0,2,,2,,0.0122,,0:00:22
2022-09-16,0,62,0.0,0,-100.0,0,-100.0,0,-100.0,
2022-09-17,0,62,0.0,0,,0,,0,,
2022-09-18,0,62,0.0,1,,1,,0.0006,,0:00:02
2022-09-19,0,62,0.0,1,0.0,1,0.0,0.0298,4866.7,0:01:47
2022-09-20,0,62,0.0,1,0.0,1,0.0,0.0011,-96.3,0:00:04
2022-09-21,0,62,0.0,0,-100.0,0,-100.0,0,-100.0,
2022-09-22,0,62,0.0,2,,2,,0.0357,,0:01:04
2022-09-23,0,62,0.0,0,-100.0,0,-100.0,0,-100.0,
2022-09-24,0,62,0.0,0,,0,,0,,
2022-09-25,0,62,0.0,0,,0,,0,,
2022-09-26,0,62,0.0,0,,0,,0,,
2022-09-27,0,62,0.0,0,,0,,0,,
2022-09-28,-1,61,-1.6,0,,0,,0,,
2022-09-29,0,61,0.0,0,,0,,0,,
2022-09-30,0,61,0.0,0,,0,,0,,
2022-10-01,0,61,0.0,0,,0,,0,,
2022-10-02,0,61,0.0,2,,2,,0.0445,,0:01:20
2022-10-03,0,61,0.0,2,0.0,2,0.0,0.0055,-87.6,0:00:09
2022-10-04,0,61,0.0,0,-100.0,0,-100.0,0,-100.0,
2022-10-05,0,61,0.0,0,,0,,0,,
2022-10-06,1,62,1.6,0,,0,,0,,
2022-10-07,0,62,0.0,0,,0,,0,,
2022-10-08,0,62,0.0,1,,1,,0.0119,,0:00:42
2022-10-09,0,62,0.0,1,0.0,1,0.0,0.0024,-79.8,0:00:08
2022-10-10,0,62,0.0,1,0.0,1,0.0,0.0021,-12.5,0:00:07
2022-10-11,0,62,0.0,1,0.0,1,0.0,0.004,90.5,0:00:14
2022-10-12,0,62,0.0,0,-100.0,0,-100.0,0,-100.0,
2022-10-13,0,62,0.0,0,,0,,0,,
2022-10-14,0,62,0.0,0,,0,,0,,
2022-10-15,0,62,0.0,1,,1,,0.0053,,0:00:18
2022-10-16,0,62,0.0,0,-100.0,0,-100.0,0,-100.0,
2022-10-17,0,62,0.0,0,,0,,0,,
2022-10-18,0,62,0.0,2,,2,,0.0033,,0:00:05
2022-10-19,0,62,0.0,0,-100.0,0,-100.0,0,-100.0,
2022-10-20,0,62,0.0,1,,1,,0.018,,0:01:04
2022-10-21,0,62,0.0,3,200.0,3,200.0,0.0489,171.7,0:00:58
2022-10-22,0,62,0.0,2,-33.3,2,-33.3,0.0105,-78.5,0:00:18
2022-10-23,0,62,0.0,1,-50.0,1,-50.0,0.0017,-83.8,0:00:06
2022-10-24,0,62,0.0,2,100.0,2,100.0,0.0348,1947.1,0:01:02
2022-10-25,0,62,0.0,2,0.0,2,0.0,0.0594,70.7,0:01:46
2022-10-26,-1,61,-1.6,1,-50.0,1,-50.0,0.0048,-91.9,0:00:17
2022-10-27,0,61,0.0,2,100.0,2,100.0,0.2104,4283.3,0:06:18
2022-10-28,0,61,0.0,1,-50.0,1,-50.0,0.0015,-99.3,0:00:05
2022-10-29,0,61,0.0,1,0.0,1,0.0,0.0142,846.7,0:00:51
2022-10-30,0,61,0.0,0,-100.0,0,-100.0,0,-100.0,
2022-10-31,0,61,0.0,0,,0,,0,,
2022-11-01,0,61,0.0,0,,0,,0,,
2022-11-02,0,61,0.0,0,,0,,0,,
2022-11-03,0,61,0.0,2,,2,,0.0105,,0:00:18
2022-11-04,0,61,0.0,0,-100.0,0,-100.0,0,-100.0,
2022-11-05,0,61,0.0,0,,0,,0,,
2022-11-06,0,61,0.0,2,,2,,0.0355,,0:01:03
2022-11-07,0,61,0.0,1,-50.0,1,-50.0,0.0025,-93.0,0:00:09
2022-11-08,0,61,0.0,3,200.0,3,200.0,0.0175,600.0,0:00:21
2022-11-09,0,61,0.0,1,-66.7,1,-66.7,0.0059,-66.3,0:00:21
2022-11-10,0,61,0.0,1,0.0,1,0.0,0.0003,-94.9,0:00:00
2022-11-11,0,61,0.0,3,200.0,3,200.0,0.0535,17733.3,0:01:04
2022-11-12,0,61,0.0,0,-100.0,0,-100.0,0,-100.0,
2022-11-13,0,61,0.0,0,,0,,0,,
2022-11-14,0,61,0.0,1,,1,,0.0044,,0:00:15
2022-11-15,0,61,0.0,0,-100.0,0,-100.0,0,-100.0,
2022-11-16,0,61,0.0,0,,0,,0,,
2022-11-17,0,61,0.0,1,,1,,0.0032,,0:00:11
2022-11-18,0,61,0.0,1,0.0,1,0.0,0.0046,43.8,0:00:16
2022-11-19,0,61,0.0,2,100.0,2,100.0,0.0203,341.3,0:00:36
2022-11-20,0,61,0.0,0,-100.0,0,-100.0,0,-100.0,
2022-11-21,0,61,0.0,0,,0,,0,,
2022-11-22,0,61,0.0,2,,2,,0.0107,,0:00:19
2022-11-23,0,61,0.0,0,-100.0,0,-100.0,0,-100.0,
2022-11-24,0,61,0.0,0,,0,,0,,
2022-11-25,0,61,0.0,1,,1,,0.0066,,0:00:23
2022-11-26,0,61,0.0,0,-100.0,0,-100.0,0,-100.0,
2022-11-27,0,61,0.0,0,,0,,0,,
2022-11-28,0,61,0.0,0,,0,,0,,
2022-11-29,0,61,0.0,0,,0,,0,,
2022-11-30,0,61,0.0,0,,0,,0,,
2022-12-01,1,62,1.6,9,,9,,0.2462,,0:01:38
2022-12-02,0,62,0.0,24,166.7,24,166.7,0.0385,-84.4,0:00:05
2022-12-03,0,62,0.0,2,-91.7,2,-91.7,0.0077,-80.0,0:00:13
2022-12-04,0,62,0.0,0,-100.0,0,-100.0,0,-100.0,
2022-12-05,0,62,0.0,1,,1,,0.0006,,0:00:02
2022-12-06,0,62,0.0,0,-100.0,0,-100.0,0,-100.0,
2022-12-07,0,62,0.0,0,,0,,0,,
2022-12-08,0,62,0.0,0,,0,,0,,
2022-12-09,0,62,0.0,0,,0,,0,,
2022-12-10,0,62,0.0,0,,0,,0,,
2022-12-11,0,62,0.0,0,,0,,0,,
2022-12-12,0,62,0.0,0,,0,,0,,
2022-12-13,0,62,0.0,1,,1,,0.0014,,0:00:05
2022-12-14,0,62,0.0,2,100.0,2,100.0,0.0028,100.0,0:00:04
2022-12-15,0,62,0.0,0,-100.0,0,-100.0,0,-100.0,
2022-12-16,0,62,0.0,2,,2,,0.0062,,0:00:11
2022-12-17,0,62,0.0,0,-100.0,0,-100.0,0,-100.0,
2022-12-18,0,62,0.0,1,,1,,0.0067,,0:00:24
2022-12-19,0,62,0.0,1,0.0,1,0.0,0.0152,126.9,0:00:54
2022-12-20,0,62,0.0,1,0.0,1,0.0,0.0152,0.0,0:00:54
2022-12-21,0,62,0.0,3,200.0,3,200.0,0.0139,-8.6,0:00:16
2022-12-22,0,62,0.0,1,-66.7,1,-66.7,0.0028,-79.9,0:00:10
2022-12-23,0,62,0.0,0,-100.0,0,-100.0,0,-100.0,
2022-12-24,-1,61,-1.6,0,,0,,0,,
2022-12-25,1,62,1.6,0,,0,,0,,
2022-12-26,0,62,0.0,0,,0,,0,,
2022-12-27,0,62,0.0,3,,3,,0.0379,,0:00:45
2022-12-28,0,62,0.0,0,-100.0,0,-100.0,0,-100.0,
2022-12-29,0,62,0.0,1,,1,,0.0329,,0:01:58
2022-12-30,0,62,0.0,0,-100.0,0,-100.0,0,-100.0,
2022-12-31,0,62,0.0,1,,1,,0.0071,,0:00:25
2023-01-01,0,62,0.0,0,-100.0,0,-100.0,0,-100.0,
2023-01-02,0,62,0.0,0,,0,,0,,
2023-01-03,0,62,0.0,0,,0,,0,,
2023-01-04,0,62,0.0,1,,1,,0.0033,,0:00:12
2023-01-05,0,62,0.0,2,100.0,2,100.0,0.0125,278.8,0:00:22
2023-01-06,0,62,0.0,2,0.0,2,0.0,0.078,524.0,0:02:20
2023-01-07,0,62,0.0,0,-100.0,0,-100.0,0,-100.0,
2023-01-08,0,62,0.0,0,,0,,0,,
2023-01-09,0,62,0.0,0,,0,,0,,
2023-01-10,0,62,0.0,2,,2,,0.0438,,0:01:18
2023-01-11,0,62,0.0,3,50.0,3,50.0,0.0201,-54.1,0:00:24
2023-01-12,0,62,0.0,1,-66.7,1,-66.7,0.006,-70.1,0:00:21
2023-01-13,0,62,0.0,1,0.0,1,0.0,0.0275,358.3,0:01:39
2023-01-14,0,62,0.0,2,100.0,2,100.0,0.0351,27.6,0:01:03
2023-01-15,0,62,0.0,1,-50.0,1,-50.0,0.0014,-96.0,0:00:05
2023-01-16,0,62,0.0,1,0.0,1,0.0,0.0163,1064.3,0:00:58
2023-01-17,0,62,0.0,0,-100.0,0,-100.0,0,-100.0,
2023-01-18,0,62,0.0,1,,1,,0.0011,,0:00:03
2023-01-19,0,62,0.0,0,-100.0,0,-100.0,0,-100.0,
2023-01-20,0,62,0.0,0,,0,,0,,
2023-01-21,0,62,0.0,1,,1,,0.0247,,0:01:28
2023-01-22,0,62,0.0,1,0.0,1,0.0,0.0059,-76.1,0:00:21
2023-01-23,0,62,0.0,0,-100.0,0,-100.0,0,-100.0,
2023-01-24,0,62,0.0,0,,0,,0,,
2023-01-25,0,62,0.0,0,,0,,0,,
2023-01-26,0,62,0.0,1,,1,,0.0136,,0:00:49
2023-01-27,0,62,0.0,0,-100.0,0,-100.0,0,-100.0,
2023-01-28,0,62,0.0,3,,3,,0.0248,,0:00:29
2023-01-29,0,62,0.0,1,-66.7,1,-66.7,0.0033,-86.7,0:00:12
2023-01-30,0,62,0.0,0,-100.0,0,-100.0,0,-100.0,
2023-01-31,0,62,0.0,0,,0,,0,,
2023-02-01,0,62,0.0,0,,0,,0,,
2023-02-02,0,62,0.0,4,,4,,0.0129,,0:00:11
2023-02-03,0,62,0.0,0,-100.0,0,-100.0,0,-100.0,
2023-02-04,0,62,0.0,5,,5,,0.015,,0:00:10
2023-02-05,0,62,0.0,1,-80.0,1,-80.0,0.0026,-82.7,0:00:09
2023-02-06,0,62,0.0,0,-100.0,0,-100.0,0,-100.0,
2023-02-07,0,62,0.0,1,,1,,0.0646,,0:03:52
2023-02-08,0,62,0.0,0,-100.0,0,-100.0,0,-100.0,
2023-02-09,-1,61,-1.6,0,,0,,0,,
2023-02-10,0,61,0.0,0,,0,,0,,
2023-02-11,0,61,0.0,0,,0,,0,,
2023-02-12,0,61,0.0,0,,0,,0,,
2023-02-13,0,61,0.0,0,,0,,0,,
2023-02-14,0,61,0.0,0,,0,,0,,
2023-02-15,0,61,0.0,0,,0,,0,,
2023-02-16,0,61,0.0,0,,0,,0,,
2023-02-17,0,61,0.0,0,,0,,0,,
2023-02-18,0,61,0.0,0,,0,,0,,
2023-02-19,0,61,0.0,0,,0,,0,,
2023-02-20,0,61,0.0,0,,0,,0,,
2023-02-21,0,61,0.0,7,,7,,0.0374,,0:00:19
2023-02-22,0,61,0.0,1,-85.7,1,-85.7,0.0005,-98.7,0:00:01
2023-02-23,0,61,0.0,0,-100.0,0,-100.0,0,-100.0,
2023-02-24,0,61,0.0,0,,0,,0,,
2023-02-25,0,61,0.0,0,,0,,0,,
2023-02-26,0,61,0.0,2,,2,,0.0132,,0:00:23
2023-02-27,0,61,0.0,1,-50.0,1,-50.0,0.0014,-89.4,0:00:05
2023-02-28,0,61,0.0,1,0.0,1,0.0,0.0081,478.6,0:00:29
2023-03-01,0,61,0.0,0,-100.0,0,-100.0,0,-100.0,
2023-03-02,0,61,0.0,5,,5,,0.026,,0:00:18
2023-03-03,0,61,0.0,6,20.0,6,20.0,0.0236,-9.2,0:00:14
2023-03-04,0,61,0.0,1,-83.3,1,-83.3,0.0017,-92.8,0:00:06
2023-03-05,0,61,0.0,3,200.0,3,200.0,0.0047,176.5,0:00:05
2023-03-06,0,61,0.0,6,100.0,6,100.0,0.0139,195.7,0:00:08
2023-03-07,0,61,0.0,1,-83.3,1,-83.3,0,-100.0,0:00:00
2023-03-08,0,61,0.0,2,100.0,2,100.0,0.0127,,0:00:22
2023-03-09,0,61,0.0,6,200.0,6,200.0,0.0084,-33.9,0:00:05
2023-03-10,0,61,0.0,6,0.0,6,0.0,0.0387,360.7,0:00:23
2023-03-11,0,61,0.0,1,-83.3,1,-83.3,0.0009,-97.7,0:00:03
2023-03-12,0,61,0.0,2,100.0,2,100.0,0.0009,0.0,0:00:01
2023-03-13,0,61,0.0,9,350.0,9,350.0,0.0142,1477.8,0:00:05
2023-03-14,0,61,0.0,4,-55.6,4,-55.6,0.0123,-13.4,0:00:11
2023-03-15,0,61,0.0,1,-75.0,1,-75.0,0.0011,-91.1,0:00:04
2023-03-16,0,61,0.0,8,700.0,8,700.0,0.6185,56127.3,0:04:38
2023-03-17,0,61,0.0,6,-25.0,6,-25.0,0.0474,-92.3,0:00:28
2023-03-18,0,61,0.0,6,0.0,6,0.0,0.0132,-72.2,0:00:07
2023-03-19,0,61,0.0,1,-83.3,1,-83.3,0.0062,-53.0,0:00:22
2023-03-20,0,61,0.0,3,200.0,3,200.0,0.0108,74.2,0:00:12
2023-03-21,0,61,0.0,0,-100.0,0,-100.0,0,-100.0,
2023-03-22,0,61,0.0,2,,2,,0.0102,,0:00:18
2023-03-23,0,61,0.0,2,0.0,2,0.0,0.4773,4579.4,0:14:19
2023-03-24,0,61,0.0,1,-50.0,1,-50.0,0.0049,-99.0,0:00:17
2023-03-25,0,61,0.0,0,-100.0,0,-100.0,0,-100.0,
2023-03-26,0,61,0.0,0,,0,,0,,
2023-03-27,0,61,0.0,0,,0,,0,,
2023-03-28,0,61,0.0,0,,0,,0,,
2023-03-29,0,61,0.0,0,,0,,0,,
2023-03-30,0,61,0.0,0,,0,,0,,
2023-03-31,0,61,0.0,0,,0,,0,,
2023-04-01,0,61,0.0,0,,0,,0,,
2023-04-02,0,61,0.0,0,,0,,0,,
2023-04-03,0,61,0.0,0,,0,,0,,
2023-04-04,0,61,0.0,0,,0,,0,,
2023-04-05,0,61,0.0,1,,1,,0.0044,,0:00:15
2023-04-06,0,61,0.0,0,-100.0,0,-100.0,0,-100.0,
2023-04-07,0,61,0.0,0,,0,,0,,
2023-04-08,0,61,0.0,3,,3,,0.0128,,0:00:15
2023-04-09,0,61,0.0,0,-100.0,0,-100.0,0,-100.0,
2023-04-10,0,61,0.0,0,,0,,0,,
2023-04-11,0,61,0.0,2,,2,,0.0014,,0:00:02
2023-04-12,0,61,0.0,0,-100.0,0,-100.0,0,-100.0,
2023-04-13,0,61,0.0,1,,1,,0.0647,,0:03:53
2023-04-14,0,61,0.0,0,-100.0,0,-100.0,0,-100.0,
2023-04-15,0,61,0.0,0,,0,,0,,
2023-04-16,0,61,0.0,1,,1,,0.0091,,0:00:32
2023-04-17,0,61,0.0,0,-100.0,0,-100.0,0,-100.0,
2023-04-18,0,61,0.0,0,,0,,0,,
2023-04-19,0,61,0.0,0,,0,,0,,
2023-04-20,0,61,0.0,1,,1,,0.0019,,0:00:06
2023-04-21,0,61,0.0,0,-100.0,0,-100.0,0,-100.0,
2023-04-22,0,61,0.0,0,,0,,0,,
2023-04-23,0,61,0.0,0,,0,,0,,
2023-04-24,0,61,0.0,0,,0,,0,,
2023-04-25,0,61,0.0,0,,0,,0,,
2023-04-26,0,61,0.0,0,,0,,0,,
2023-04-27,0,61,0.0,3,,3,,0.1194,,0:02:23
2023-04-28,0,61,0.0,0,-100.0,0,-100.0,0,-100.0,
2023-04-29,0,61,0.0,1,,1,,0.0044,,0:00:15
2023-04-30,0,61,0.0,0,-100.0,0,-100.0,0,-100.0,
2023-05-01,0,61,0.0,0,,0,,0,,
2023-05-02,0,61,0.0,0,,0,,0,,
2023-05-03,0,61,0.0,0,,0,,0,,
2023-05-04,0,61,0.0,0,,0,,0,,
2023-05-05,0,61,0.0,1,,1,,0.0014,,0:00:04
2023-05-06,0,61,0.0,0,-100.0,0,-100.0,0,-100.0,
2023-05-07,0,61,0.0,0,,0,,0,,
2023-05-08,0,61,0.0,0,,0,,0,,
2023-05-09,-1,60,-1.6,0,,0,,0,,
2023-05-10,0,60,0.0,1,,1,,0.0356,,0:02:08
2023-05-11,0,60,0.0,0,-100.0,0,-100.0,0,-100.0,
2023-05-12,0,60,0.0,1,,1,,0.0015,,0:00:05
2023-05-13,0,60,0.0,0,-100.0,0,-100.0,0,-100.0,
2023-05-14,-1,59,-1.7,2,,2,,0.0244,,0:00:43
2023-05-15,0,59,0.0,0,-100.0,0,-100.0,0,-100.0,
2023-05-16,0,59,0.0,0,,0,,0,,
2023-05-17,0,59,0.0,0,,0,,0,,
2023-05-18,0,59,0.0,0,,0,,0,,
2023-05-19,0,59,0.0,1,,1,,0.0447,,0:02:40
2023-05-20,0,59,0.0,0,-100.0,0,-100.0,0,-100.0,
2023-05-21,0,59,0.0,0,,0,,0,,
2023-05-22,0,59,0.0,0,,0,,0,,
2023-05-23,0,59,0.0,1,,1,,0.0013,,0:00:04
2023-05-24,0,59,0.0,0,-100.0,0,-100.0,0,-100.0,
2023-05-25,0,59,0.0,0,,0,,0,,
2023-05-26,0,59,0.0,0,,0,,0,,
2023-05-27,0,59,0.0,0,,0,,0,,
2023-05-28,0,59,0.0,1,,1,,0.0048,,0:00:17
2023-05-29,0,59,0.0,0,-100.0,0,-100.0,0,-100.0,
2023-05-30,1,60,1.7,6,,6,,0.1072,,0:01:04
2023-05-31,0,60,0.0,0,-100.0,0,-100.0,0,-100.0,
2023-06-01,0,60,0.0,10,,10,,0.0465,,0:00:16
2023-06-02,1,61,1.7,1,-90.0,1,-90.0,0.0091,-80.4,0:00:32
2023-06-03,0,61,0.0,13,1200.0,13,1200.0,0.1401,1439.6,0:00:38
2023-06-04,0,61,0.0,2,-84.6,2,-84.6,0.0031,-97.8,0:00:05
2023-06-05,0,61,0.0,1,-50.0,1,-50.0,0.0091,193.5,0:00:32
2023-06-06,0,61,0.0,0,-100.0,0,-100.0,0,-100.0,
2023-06-07,0,61,0.0,3,,3,,0.0178,,0:00:21
2023-06-08,0,61,0.0,0,-100.0,0,-100.0,0,-100.0,
2023-06-09,0,61,0.0,0,,0,,0,,
2023-06-10,0,61,0.0,1,,1,,0.0029,,0:00:10
2023-06-11,0,61,0.0,1,0.0,1,0.0,0.0091,213.8,0:00:32
2023-06-12,0,61,0.0,0,-100.0,0,-100.0,0,-100.0,
2023-06-13,0,61,0.0,0,,0,,0,,
2023-06-14,0,61,0.0,0,,0,,0,,
2023-06-15,0,61,0.0,0,,0,,0,,
2023-06-16,0,61,0.0,0,,0,,0,,
2023-06-17,0,61,0.0,2,,2,,0.0105,,0:00:18
2023-06-18,0,61,0.0,0,-100.0,0,-100.0,0,-100.0,
2023-06-19,0,61,0.0,0,,0,,0,,
2023-06-20,0,61,0.0,0,,0,,0,,
2023-06-21,0,61,0.0,0,,0,,0,,
2023-06-22,0,61,0.0,0,,0,,0,,
2023-06-23,0,61,0.0,1,,1,,0.005,,0:00:18
2023-06-24,0,61,0.0,5,400.0,5,400.0,0.0865,1630.0,0:01:02
2023-06-25,0,61,0.0,0,-100.0,0,-100.0,0,-100.0,
2023-06-26,0,61,0.0,0,,0,,0,,
2023-06-27,0,61,0.0,0,,0,,0,,
2023-06-28,0,61,0.0,0,,0,,0,,
2023-06-29,0,61,0.0,0,,0,,0,,
2023-06-30,0,61,0.0,1,,1,,0.0025,,0:00:08
2023-07-01,0,61,0.0,1,0.0,1,0.0,0.0646,2484.0,0:03:52
2023-07-02,0,61,0.0,0,-100.0,0,-100.0,0,-100.0,
2023-07-03,0,61,0.0,1,,1,,0.0022,,0:00:08
2023-07-04,0,61,0.0,5,400.0,5,400.0,0.3126,14109.1,0:03:45
2023-07-05,0,61,0.0,1,-80.0,1,-80.0,0.0036,-98.8,0:00:13
2023-07-06,0,61,0.0,1,0.0,1,0.0,0.0044,22.2,0:00:15
2023-07-07,-1,60,-1.6,1,0.0,1,0.0,0.009,104.5,0:00:32
2023-07-08,0,60,0.0,0,-100.0,0,-100.0,0,-100.0,
2023-07-09,0,60,0.0,13,,13,,0.1444,,0:00:39
2023-07-10,0,60,0.0,19,46.2,19,46.2,1.1767,714.9,0:03:42
2023-07-11,0,60,0.0,10,-47.4,10,-47.4,0.1826,-84.5,0:01:05
2023-07-12,0,60,0.0,93,830.0,93,830.0,2.4154,1222.8,0:01:33
2023-07-13,2,62,3.3,207,122.6,207,122.6,2.9572,22.4,0:00:51
2023-07-14,2,64,3.2,447,115.9,447,115.9,8.9958,204.2,0:01:12
2023-07-15,1,65,1.6,491,9.8,491,9.8,8.886,-1.2,0:01:05
2023-07-16,1,66,1.5,386,-21.4,386,-21.4,7.9627,-10.4,0:01:14
2023-07-17,2,68,3.0,432,11.9,432,11.9,10.6562,33.8,0:01:28
2023-07-18,6,74,8.8,1417,228.0,1417,228.0,46.875,339.9,0:01:59
2023-07-19,7,81,9.5,1403,-1.0,1403,-1.0,43.4141,-7.4,0:01:51
2023-07-20,6,87,7.4,1379,-1.7,1379,-1.7,42.8221,-1.4,0:01:51
2023-07-21,11,98,12.6,2029,47.1,2029,47.1,60.2043,40.6,0:01:46
2023-07-22,10,108,10.2,2840,40.0,2840,40.0,82.793,37.5,0:01:44
2023-07-23,10,118,9.3,1980,-30.3,1980,-30.3,57.7032,-30.3,0:01:44
2023-07-24,10,128,8.5,1397,-29.4,1397,-29.4,42.1935,-26.9,0:01:48
2023-07-25,5,133,3.9,1643,17.6,1643,17.6,48.1621,14.1,0:01:45
2023-07-26,5,138,3.8,1409,-14.2,1409,-14.2,40.1106,-16.7,0:01:42
2023-07-27,6,144,4.3,1837,30.4,1837,30.4,65.9843,64.5,0:02:09
2023-07-28,13,157,9.0,2680,45.9,2680,45.9,104.5718,58.5,0:02:20
2023-07-29,8,165,5.1,2504,-6.6,2504,-6.6,91.9646,-12.1,0:02:12
2023-07-30,10,175,6.1,2374,-5.2,2374,-5.2,86.1056,-6.4,0:02:10
2023-07-31,9,184,5.1,2372,-0.1,2372,-0.1,89.7193,4.2,0:02:16
2023-08-01,13,197,7.1,2720,14.7,2720,14.7,106.8528,19.1,0:02:21
2023-08-02,14,211,7.1,2941,8.1,2941,8.1,128.4644,20.2,0:02:37
2023-08-03,20,231,9.5,3027,2.9,3027,2.9,128.7078,0.2,0:02:33
2023-08-04,11,242,4.8,3203,5.8,3203,5.8,125.6393,-2.4,0:02:21
2023-08-05,16,258,6.6,3732,16.5,3732,16.5,150.8201,20.0,0:02:25
2023-08-06,15,273,5.8,3011,-19.3,3011,-19.3,123.384,-18.2,0:02:27
2023-08-07,11,284,4.0,2680,-11.0,2680,-11.0,113.3017,-8.2,0:02:32
2023-08-08,13,297,4.6,2832,5.7,2832,5.7,110.3056,-2.6,0:02:20
2023-08-09,22,319,7.4,3640,28.5,3640,28.5,149.8839,35.9,0:02:28
2023-08-10,10,329,3.1,3019,-17.1,3019,-17.1,122.5125,-18.3,0:02:26
2023-08-11,15,344,4.6,3122,3.4,3122,3.4,131.5422,7.4,0:02:31
2023-08-12,13,357,3.8,3373,8.0,3373,8.0,136.1132,3.5,0:02:25
2023-08-13,11,368,3.1,2996,-11.2,2996,-11.2,132.8973,-2.4,0:02:39
2023-08-14,16,384,4.3,2180,-27.2,2180,-27.2,85.4402,-35.7,0:02:21
2023-08-15,8,392,2.1,1626,-25.4,1626,-25.4,71.8724,-15.9,0:02:39
2023-08-16,4,396,1.0,978,-39.9,978,-39.9,51.1826,-28.8,0:03:08
2023-08-17,2,398,0.5,799,-18.3,799,-18.3,38.4901,-24.8,0:02:53
2023-08-18,2,400,0.5,966,20.9,966,20.9,39.0111,1.4,0:02:25
2023-08-19,4,404,1.0,875,-9.4,875,-9.4,39.0013,0.0,0:02:40
2023-08-20,5,409,1.2,857,-2.1,857,-2.1,36.3135,-6.9,0:02:32
2023-08-21,5,414,1.2,953,11.2,953,11.2,40.1909,10.7,0:02:31
2023-08-22,8,422,1.9,1036,8.7,1036,8.7,41.6026,3.5,0:02:24
2023-08-23,6,428,1.4,1041,0.5,1041,0.5,43.0544,3.5,0:02:28
2023-08-24,3,431,0.7,852,-18.2,852,-18.2,39.6552,-7.9,0:02:47
2023-08-25,4,435,0.9,834,-2.1,834,-2.1,37.4655,-5.5,0:02:41
2023-08-26,3,438,0.7,953,14.3,953,14.3,38.7146,3.3,0:02:26
2023-08-27,3,441,0.7,761,-20.1,761,-20.1,30.1128,-22.2,0:02:22
2023-08-28,5,446,1.1,746,-2.0,746,-2.0,29.5231,-2.0,0:02:22
2023-08-29,5,451,1.1,693,-7.1,693,-7.1,30.9224,4.7,0:02:40
2023-08-30,2,453,0.4,659,-4.9,659,-4.9,29.8784,-3.4,0:02:43
2023-08-31,3,456,0.7,655,-0.6,655,-0.6,26.8839,-10.0,0:02:27
2023-09-01,10,466,2.2,1007,53.7,1007,53.7,40.6224,51.1,0:02:25
2023-09-02,4,470,0.9,867,-13.9,867,-13.9,37.9664,-6.5,0:02:37
2023-09-03,8,478,1.7,962,11.0,962,11.0,36.6258,-3.5,0:02:17
2023-09-04,7,485,1.5,920,-4.4,920,-4.4,43.6634,19.2,0:02:50
2023-09-05,2,487,0.4,757,-17.7,757,-17.7,32.653,-25.2,0:02:35
2023-09-06,3,490,0.6,855,12.9,855,12.9,37.0608,13.5,0:02:36
2023-09-07,10,500,2.0,1003,17.3,1003,17.3,39.3688,6.2,0:02:21
2023-09-08,0,500,0.0,750,-25.2,750,-25.2,35.0279,-11.0,0:02:48
2023-09-09,6,506,1.2,811,8.1,811,8.1,33.1168,-5.5,0:02:27
2023-09-10,5,511,1.0,626,-22.8,626,-22.8,26.3368,-20.5,0:02:31
2023-09-11,3,514,0.6,591,-5.6,591,-5.6,30.1556,14.5,0:03:03
2023-09-12,3,517,0.6,564,-4.6,564,-4.6,28.682,-4.9,0:03:03
2023-09-13,2,519,0.4,520,-7.8,520,-7.8,24.7773,-13.6,0:02:51
2023-09-14,2,521,0.4,710,36.5,710,36.5,35.4083,42.9,0:02:59
2023-09-15,2,523,0.4,603,-15.1,603,-15.1,29.476,-16.8,0:02:55
2023-09-16,1,524,0.2,585,-3.0,585,-3.0,31.9043,8.2,0:03:16
2023-09-17,4,528,0.8,509,-13.0,509,-13.0,25.3644,-20.5,0:02:59
2023-09-18,2,530,0.4,531,4.3,531,4.3,22.5671,-11.0,0:02:32
2023-09-19,1,531,0.2,305,-42.6,305,-42.6,15.5888,-30.9,0:03:03
2023-09-20,0,531,0.0,488,60.0,488,60.0,33.7167,116.3,0:04:08
2023-09-21,1,532,0.2,446,-8.6,446,-8.6,24.3894,-27.7,0:03:17
2023-09-22,1,533,0.2,367,-17.7,367,-17.7,17.4178,-28.6,0:02:50
2023-09-23,1,534,0.2,301,-18.0,301,-18.0,18.2141,4.6,0:03:37
2023-09-24,0,534,0.0,229,-23.9,229,-23.9,13.0633,-28.3,0:03:25
2023-09-25,0,534,0.0,161,-29.7,161,-29.7,10.0392,-23.1,0:03:44
2023-09-26,-1,533,-0.2,256,59.0,256,59.0,19.2617,91.9,0:04:30
2023-09-27,1,534,0.2,196,-23.4,196,-23.4,12.795,-33.6,0:03:55
2023-09-28,3,537,0.6,211,7.7,211,7.7,15.4745,20.9,0:04:24
2023-09-29,2,539,0.4,266,26.1,266,26.1,18.3664,18.7,0:04:08
2023-09-30,1,540,0.2,283,6.4,283,6.4,20.3255,10.7,0:04:18
2023-10-01,0,540,0.0,176,-37.8,176,-37.8,10.994,-45.9,0:03:44
2023-10-02,0,540,0.0,190,8.0,190,8.0,12.8176,16.6,0:04:02
2023-10-03,0,540,0.0,177,-6.8,177,-6.8,13.527,5.5,0:04:35
2023-10-04,0,540,0.0,187,5.6,187,5.6,12.6645,-6.4,0:04:03
2023-10-05,0,540,0.0,181,-3.2,181,-3.2,14.2271,12.3,0:04:42
2023-10-06,-1,539,-0.2,176,-2.8,176,-2.8,11.8516,-16.7,0:04:02
2023-10-07,0,539,0.0,194,10.2,194,10.2,13.0846,10.4,0:04:02
2023-10-08,1,540,0.2,218,12.4,218,12.4,16.7377,27.9,0:04:36
2023-10-09,1,541,0.2,149,-31.7,149,-31.7,9.5375,-43.0,0:03:50
2023-10-10,-1,540,-0.2,581,289.9,581,289.9,21.8287,128.9,0:02:15
2023-10-11,1,541,0.2,491,-15.5,491,-15.5,13.6161,-37.6,0:01:39
2023-10-12,0,541,0.0,488,-0.6,488,-0.6,14.1264,3.7,0:01:44
2023-10-13,1,542,0.2,497,1.8,497,1.8,13.8405,-2.0,0:01:40
2023-10-14,0,542,0.0,227,-54.3,227,-54.3,9.9885,-27.8,0:02:38
2023-10-15,-1,541,-0.2,154,-32.2,154,-32.2,9.1273,-8.6,0:03:33
2023-10-16,0,541,0.0,140,-9.1,140,-9.1,8.0124,-12.2,0:03:26
2023-10-17,0,541,0.0,120,-14.3,120,-14.3,7.3429,-8.4,0:03:40
2023-10-18,0,541,0.0,109,-9.2,109,-9.2,8.2406,12.2,0:04:32
2023-10-19,2,543,0.4,281,157.8,281,157.8,8.4635,2.7,0:01:48
2023-10-20,0,543,0.0,192,-31.7,192,-31.7,8.2395,-2.6,0:02:34
2023-10-21,0,543,0.0,160,-16.7,160,-16.7,7.9422,-3.6,0:02:58
2023-10-22,0,543,0.0,128,-20.0,128,-20.0,7.5125,-5.4,0:03:31
2023-10-23,1,544,0.2,109,-14.8,109,-14.8,4.8742,-35.1,0:02:40
2023-10-24,0,544,0.0,112,2.8,112,2.8,6.0887,24.9,0:03:15
2023-10-25,0,544,0.0,104,-7.1,104,-7.1,7.4229,21.9,0:04:16
2023-10-26,0,544,0.0,282,171.2,282,171.2,8.4527,13.9,0:01:47
2023-10-27,0,544,0.0,187,-33.7,187,-33.7,7.2373,-14.4,0:02:19
2023-10-28,0,544,0.0,144,-23.0,144,-23.0,6.8963,-4.7,0:02:52
2023-10-29,2,546,0.4,170,18.1,170,18.1,8.0901,17.3,0:02:51
2023-10-30,0,546,0.0,122,-28.2,122,-28.2,8.8343,9.2,0:04:20
2023-10-31,1,547,0.2,111,-9.0,111,-9.0,6.0772,-31.2,0:03:17
2023-11-01,0,547,0.0,110,-0.9,110,-0.9,6.5814,8.3,0:03:35
2023-11-02,0,547,0.0,200,81.8,200,81.8,6.6655,1.3,0:01:59
2023-11-03,1,548,0.2,148,-26.0,148,-26.0,5.5307,-17.0,0:02:14
2023-11-04,-1,547,-0.2,128,-13.5,128,-13.5,5.3912,-2.5,0:02:31
2023-11-05,0,547,0.0,106,-17.2,106,-17.2,9.3824,74.0,0:05:18
2023-11-06,0,547,0.0,99,-6.6,99,-6.6,8.2542,-12.0,0:05:00
2023-11-07,1,548,0.2,107,8.1,107,8.1,6.3775,-22.7,0:03:34
2023-11-08,1,549,0.2,110,2.8,110,2.8,5.0096,-21.4,0:02:43
2023-11-09,1,550,0.2,153,39.1,153,39.1,6.5226,30.2,0:02:33
2023-11-10,0,550,0.0,100,-34.6,100,-34.6,4.5113,-30.8,0:02:42
2023-11-11,-1,549,-0.2,95,-5.0,95,-5.0,4.6273,2.6,0:02:55
2023-11-12,0,549,0.0,97,2.1,97,2.1,4.1644,-10.0,0:02:34
2023-11-13,0,549,0.0,80,-17.5,80,-17.5,3.9977,-4.0,0:02:59
2023-11-14,0,549,0.0,88,10.0,88,10.0,5.1931,29.9,0:03:32
2023-11-15,1,550,0.2,85,-3.4,85,-3.4,4.1215,-20.6,0:02:54
2023-11-16,0,550,0.0,113,32.9,113,32.9,5.5192,33.9,0:02:55
2023-11-17,0,550,0.0,107,-5.3,107,-5.3,5.6294,2.0,0:03:09
2023-11-18,0,550,0.0,107,0.0,107,0.0,5.5577,-1.3,0:03:06
2023-11-19,0,550,0.0,105,-1.9,105,-1.9,5.3527,-3.7,0:03:03
2023-11-20,0,550,0.0,64,-39.0,64,-39.0,3.5027,-34.6,0:03:17
2023-11-21,0,550,0.0,87,35.9,87,35.9,4.6445,32.6,0:03:12
2023-11-22,0,550,0.0,99,13.8,99,13.8,6.0826,31.0,0:03:41
2023-11-23,2,552,0.4,363,266.7,363,266.7,9.5469,57.0,0:01:34
2023-11-24,0,552,0.0,135,-62.8,135,-62.8,5.9757,-37.4,0:02:39
2023-11-25,0,552,0.0,121,-10.4,121,-10.4,6.2687,4.9,0:03:06
2023-11-26,1,553,0.2,125,3.3,125,3.3,6.1997,-1.1,0:02:58
2023-11-27,0,553,0.0,123,-1.6,123,-1.6,6.9155,11.5,0:03:22
2023-11-28,0,553,0.0,83,-32.5,83,-32.5,3.7406,-45.9,0:02:42
2023-11-29,0,553,0.0,207,149.4,207,149.4,6.1915,65.5,0:01:47
2023-11-30,0,553,0.0,137,-33.8,137,-33.8,5.8644,-5.3,0:02:34
2023-12-01,0,553,0.0,95,-30.7,95,-30.7,4.6938,-20.0,0:02:57
2023-12-02,0,553,0.0,74,-22.1,74,-22.1,3.308,-29.5,0:02:40
2023-12-03,0,553,0.0,66,-10.8,66,-10.8,4.1618,25.8,0:03:47
2023-12-04,0,553,0.0,72,9.1,72,9.1,4.0008,-3.9,0:03:20
2023-12-05,0,553,0.0,81,12.5,81,12.5,4.4912,12.3,0:03:19
2023-12-06,0,553,0.0,60,-25.9,60,-25.9,2.9947,-33.3,0:02:59
2023-12-07,0,553,0.0,79,31.7,79,31.7,3.8235,27.7,0:02:54
2023-12-08,0,553,0.0,58,-26.6,58,-26.6,3.5353,-7.5,0:03:39
2023-12-09,0,553,0.0,69,19.0,69,19.0,3.6541,3.4,0:03:10
2023-12-10,0,553,0.0,55,-20.3,55,-20.3,2.7181,-25.6,0:02:57
2023-12-11,0,553,0.0,62,12.7,62,12.7,3.4892,28.4,0:03:22
2023-12-12,0,553,0.0,56,-9.7,56,-9.7,3.4516,-1.1,0:03:41
2023-12-13,0,553,0.0,57,1.8,57,1.8,3.9302,13.9,0:04:08
2023-12-14,0,553,0.0,66,15.8,66,15.8,2.5546,-35.0,0:02:19
2023-12-15,0,553,0.0,77,16.7,77,16.7,5.3461,109.3,0:04:09
2023-12-16,0,553,0.0,74,-3.9,74,-3.9,4.3205,-19.2,0:03:30
2023-12-17,0,553,0.0,57,-23.0,57,-23.0,2.9229,-32.3,0:03:04
2023-12-18,0,553,0.0,48,-15.8,48,-15.8,2.8853,-1.3,0:03:36
2023-12-19,0,553,0.0,53,10.4,53,10.4,3.0291,5.0,0:03:25
2023-12-20,0,553,0.0,57,7.5,57,7.5,2.8963,-4.4,0:03:02
2023-12-21,0,553,0.0,100,75.4,100,75.4,5.9759,106.3,0:03:35
2023-12-22,0,553,0.0,129,29.0,129,29.0,7.7892,30.3,0:03:37
2023-12-23,0,553,0.0,152,17.8,152,17.8,6.8967,-11.5,0:02:43
2023-12-24,0,553,0.0,89,-41.4,89,-41.4,4.3205,-37.4,0:02:54
2023-12-25,0,553,0.0,35,-60.7,35,-60.7,1.9767,-54.2,0:03:23
2023-12-26,0,553,0.0,49,40.0,49,40.0,2.3604,19.4,0:02:53
2023-12-27,0,553,0.0,55,12.2,55,12.2,2.8303,19.9,0:03:05
2023-12-28,0,553,0.0,60,9.1,60,9.1,2.3815,-15.9,0:02:22
2023-12-29,-1,552,-0.2,76,26.7,76,26.7,3.1242,31.2,0:02:27
2023-12-30,0,552,0.0,82,7.9,82,7.9,4.3123,38.0,0:03:09
2023-12-31,0,552,0.0,66,-19.5,66,-19.5,4.1197,-4.5,0:03:44
2024-01-01,-1,551,-0.2,44,-33.3,44,-33.3,2.3913,-42.0,0:03:15
2024-01-02,0,551,0.0,48,9.1,48,9.1,1.4284,-40.3,0:01:47
2024-01-03,1,552,0.2,50,4.2,50,4.2,2.8557,99.9,0:03:25
2024-01-04,0,552,0.0,53,6.0,53,6.0,3.1183,9.2,0:03:31
2024-01-05,0,552,0.0,75,41.5,75,41.5,3.4119,9.4,0:02:43
2024-01-06,0,552,0.0,61,-18.7,61,-18.7,3.1012,-9.1,0:03:03
2024-01-07,0,552,0.0,57,-6.6,57,-6.6,3.1954,3.0,0:03:21
2024-01-08,0,552,0.0,47,-17.5,47,-17.5,2.2692,-29.0,0:02:53
2024-01-09,1,553,0.2,59,25.5,59,25.5,5.1877,128.6,0:05:16
2024-01-10,0,553,0.0,35,-40.7,35,-40.7,2.074,-60.0,0:03:33
2024-01-11,0,553,0.0,40,14.3,40,14.3,3.4063,64.2,0:05:06
2024-01-12,0,553,0.0,73,82.5,73,82.5,3.7865,11.2,0:03:06
2024-01-13,0,553,0.0,77,5.5,77,5.5,3.3276,-12.1,0:02:35
2024-01-14,0,553,0.0,66,-14.3,66,-14.3,4.559,37.0,0:04:08
2024-01-15,0,553,0.0,46,-30.3,46,-30.3,3.0543,-33.0,0:03:59
2024-01-16,0,553,0.0,53,15.2,53,15.2,3.226,5.6,0:03:39
2024-01-17,0,553,0.0,47,-11.3,47,-11.3,3.014,-6.6,0:03:50
2024-01-18,1,554,0.2,74,57.4,74,57.4,3.1598,4.8,0:02:33
2024-01-19,0,554,0.0,56,-24.3,56,-24.3,4.9613,57.0,0:05:18
2024-01-20,1,555,0.2,95,69.6,95,69.6,2.5945,-47.7,0:01:38
2024-01-21,-1,554,-0.2,42,-55.8,42,-55.8,2.0281,-21.8,0:02:53
2024-01-22,0,554,0.0,77,83.3,77,83.3,2.2657,11.7,0:01:45
2024-01-23,0,554,0.0,56,-27.3,56,-27.3,2.4307,7.3,0:02:36
2024-01-24,0,554,0.0,49,-12.5,49,-12.5,2.6248,8.0,0:03:12
2024-01-25,0,554,0.0,62,26.5,62,26.5,2.4958,-4.9,0:02:24
2024-01-26,0,554,0.0,56,-9.7,56,-9.7,3.1677,26.9,0:03:23
2024-01-27,0,554,0.0,75,33.9,75,33.9,3.3606,6.1,0:02:41
2024-01-28,0,554,0.0,48,-36.0,48,-36.0,2.5674,-23.6,0:03:12
2024-01-29,0,554,0.0,60,25.0,60,25.0,10.2722,300.1,0:10:16
2024-01-30,0,554,0.0,36,-40.0,36,-40.0,1.8345,-82.1,0:03:03
2024-01-31,0,554,0.0,60,66.7,60,66.7,7.386,302.6,0:07:23
2024-02-01,0,554,0.0,78,30.0,78,30.0,5.6702,-23.2,0:04:21
2024-02-02,0,554,0.0,86,10.3,86,10.3,4.8588,-14.3,0:03:23
2024-02-03,0,554,0.0,58,-32.6,58,-32.6,2.4992,-48.6,0:02:35
2024-02-04,0,554,0.0,78,34.5,78,34.5,2.8758,15.1,0:02:12
2024-02-05,0,554,0.0,121,55.1,121,55.1,4.8772,69.6,0:02:25
2024-02-06,0,554,0.0,88,-27.3,88,-27.3,4.8447,-0.7,0:03:18
2024-02-07,0,554,0.0,80,-9.1,80,-9.1,4.4411,-8.3,0:03:19
2024-02-08,0,554,0.0,69,-13.8,69,-13.8,2.9426,-33.7,0:02:33
2024-02-09,0,554,0.0,74,7.2,74,7.2,2.7913,-5.1,0:02:15
2024-02-10,-1,553,-0.2,66,-10.8,66,-10.8,4.4354,58.9,0:04:01
2024-02-11,0,553,0.0,58,-12.1,58,-12.1,2.6595,-40.0,0:02:45
2024-02-12,1,554,0.2,67,15.5,67,15.5,2.6802,0.8,0:02:24
2024-02-13,0,554,0.0,40,-40.3,40,-40.3,1.0394,-61.2,0:01:33
2024-02-14,0,554,0.0,45,12.5,45,12.5,2.6383,153.8,0:03:31
2024-02-15,0,554,0.0,751,1568.9,751,1568.9,6.0719,130.1,0:00:29
2024-02-16,0,554,0.0,77,-89.7,77,-89.7,2.8252,-53.5,0:02:12
2024-02-17,-1,553,-0.2,57,-26.0,57,-26.0,2.4785,-12.3,0:02:36
2024-02-18,0,553,0.0,54,-5.3,54,-5.3,2.7846,12.4,0:03:05
2024-02-19,-1,552,-0.2,47,-13.0,47,-13.0,2.7472,-1.3,0:03:30
2024-02-20,0,552,0.0,70,48.9,70,48.9,3.7241,35.6,0:03:11
2024-02-21,1,553,0.2,68,-2.9,68,-2.9,4.6464,24.8,0:04:05
2024-02-22,0,553,0.0,97,42.6,97,42.6,6.4923,39.7,0:04:00
2024-02-23,0,553,0.0,65,-33.0,65,-33.0,3.1766,-51.1,0:02:55
2024-02-24,0,553,0.0,42,-35.4,42,-35.4,2.1985,-30.8,0:03:08
2024-02-25,1,554,0.2,74,76.2,74,76.2,3.8717,76.1,0:03:08
2024-02-26,0,554,0.0,50,-32.4,50,-32.4,2.0856,-46.1,0:02:30
2024-02-27,0,554,0.0,49,-2.0,49,-2.0,2.3447,12.4,0:02:52
2024-02-28,0,554,0.0,48,-2.0,48,-2.0,2.9228,24.7,0:03:39
2024-02-29,0,554,0.0,102,112.5,102,112.5,5.2383,79.2,0:03:04
2024-03-01,0,554,0.0,73,-28.4,73,-28.4,4.1334,-21.1,0:03:23
2024-03-02,0,554,0.0,43,-41.1,43,-41.1,2.5091,-39.3,0:03:30
2024-03-03,1,555,0.2,62,44.2,62,44.2,3.3676,34.2,0:03:15
2024-03-04,0,555,0.0,46,-25.8,46,-25.8,2.1281,-36.8,0:02:46
2024-03-05,0,555,0.0,51,10.9,51,10.9,3.4744,63.3,0:04:05
2024-03-06,0,555,0.0,52,2.0,52,2.0,4.5098,29.8,0:05:12
2024-03-07,0,555,0.0,25,-51.9,25,-51.9,1.2257,-72.8,0:02:56
2024-03-08,0,555,0.0,43,72.0,43,72.0,2.2144,80.7,0:03:05
2024-03-09,0,555,0.0,46,7.0,46,7.0,2.1802,-1.5,0:02:50
2024-03-10,1,556,0.2,44,-4.3,44,-4.3,2.1148,-3.0,0:02:53
2024-03-11,0,556,0.0,35,-20.5,35,-20.5,2.3732,12.2,0:04:04
2024-03-12,0,556,0.0,36,2.9,36,2.9,1.0091,-57.5,0:01:40
2024-03-13,-1,555,-0.2,40,11.1,40,11.1,1.6179,60.3,0:02:25
2024-03-14,0,555,0.0,44,10.0,44,10.0,1.7667,9.2,0:02:24
2024-03-15,0,555,0.0,90,104.5,90,104.5,2.6477,49.9,0:01:45
2024-03-16,0,555,0.0,71,-21.1,71,-21.1,4.0586,53.3,0:03:25
2024-03-17,0,555,0.0,43,-39.4,43,-39.4,2.4454,-39.7,0:03:24
2024-03-18,0,555,0.0,41,-4.7,41,-4.7,2.0627,-15.6,0:03:01
2024-03-19,0,555,0.0,72,75.6,72,75.6,3.6566,77.3,0:03:02
2024-03-20,0,555,0.0,91,26.4,91,26.4,6.5555,79.3,0:04:19
2024-03-21,0,555,0.0,59,-35.2,59,-35.2,2.9582,-54.9,0:03:00
2024-03-22,0,555,0.0,39,-33.9,39,-33.9,3.1684,7.1,0:04:52
2024-03-23,0,555,0.0,37,-5.1,37,-5.1,1.3705,-56.7,0:02:13
2024-03-24,0,555,0.0,47,27.0,47,27.0,2.2487,64.1,0:02:52
2024-03-25,0,555,0.0,53,12.8,53,12.8,2.6944,19.8,0:03:03
2024-03-26,1,556,0.2,38,-28.3,38,-28.3,1.7727,-34.2,0:02:47
2024-03-27,-1,555,-0.2,43,13.2,43,13.2,2.2088,24.6,0:03:04
2024-03-28,0,555,0.0,43,0.0,43,0.0,2.5656,16.2,0:03:34
2024-03-29,0,555,0.0,38,-11.6,38,-11.6,1.6639,-35.1,0:02:37
2024-03-30,0,555,0.0,30,-21.1,30,-21.1,1.1284,-32.2,0:02:15
2024-03-31,0,555,0.0,35,16.7,35,16.7,2.1098,87.0,0:03:37
2024-04-01,0,555,0.0,29,-17.1,29,-17.1,1.4644,-30.6,0:03:01
2024-04-02,0,555,0.0,22,-24.1,22,-24.1,0.8846,-39.6,0:02:24
2024-04-03,0,555,0.0,27,22.7,27,22.7,1.3957,57.8,0:03:06
2024-04-04,0,555,0.0,39,44.4,39,44.4,2.3688,69.7,0:03:38
2024-04-05,-1,554,-0.2,32,-17.9,32,-17.9,1.6762,-29.2,0:03:08
2024-04-06,0,554,0.0,31,-3.1,31,-3.1,1.6982,1.3,0:03:17
2024-04-07,0,554,0.0,35,12.9,35,12.9,1.5012,-11.6,0:02:34
2024-04-08,0,554,0.0,17,-51.4,17,-51.4,1.0105,-32.7,0:03:33
2024-04-09,-1,553,-0.2,41,141.2,41,141.2,1.7052,68.7,0:02:29
2024-04-10,0,553,0.0,26,-36.6,26,-36.6,0.7236,-57.6,0:01:40
2024-04-11,-1,552,-0.2,37,42.3,37,42.3,1.7113,136.5,0:02:46
2024-04-12,0,552,0.0,34,-8.1,34,-8.1,1.3415,-21.6,0:02:22
2024-04-13,1,553,0.2,48,41.2,48,41.2,2.5863,92.8,0:03:13
2024-04-14,0,553,0.0,35,-27.1,35,-27.1,1.6755,-35.2,0:02:52
2024-04-15,0,553,0.0,37,5.7,37,5.7,2.1423,27.9,0:03:28
2024-04-16,0,553,0.0,31,-16.2,31,-16.2,2.8459,32.8,0:05:30
2024-04-17,2,555,0.4,985,3077.4,985,3077.4,6.1667,116.7,0:00:22
2024-04-18,0,555,0.0,72,-92.7,72,-92.7,3.6018,-41.6,0:03:00
2024-04-19,0,555,0.0,800,1011.1,800,1011.1,8.5139,136.4,0:00:38
2024-04-20,2,557,0.4,544,-32.0,544,-32.0,7.5557,-11.3,0:00:50
2024-04-21,0,557,0.0,134,-75.4,134,-75.4,6.6877,-11.5,0:02:59
2024-04-22,0,557,0.0,338,152.2,338,152.2,5.8572,-12.4,0:01:02
2024-04-23,2,559,0.4,223,-34.0,223,-34.0,7.6349,30.4,0:02:03
2024-04-24,1,560,0.2,129,-42.2,129,-42.2,7.2955,-4.4,0:03:23
2024-04-25,0,560,0.0,59,-54.3,59,-54.3,3.0195,-58.6,0:03:04
2024-04-26,1,561,0.2,589,898.3,589,898.3,6.2206,106.0,0:00:38
2024-04-27,1,562,0.2,185,-68.6,185,-68.6,6.0273,-3.1,0:01:57
2024-04-28,1,563,0.2,167,-9.7,167,-9.7,8.449,40.2,0:03:02
2024-04-29,1,564,0.2,307,83.8,307,83.8,8.7803,3.9,0:01:42
2024-04-30,0,564,0.0,538,75.2,538,75.2,9.3292,6.3,0:01:02
2024-05-01,0,564,0.0,156,-71.0,156,-71.0,6.9356,-25.7,0:02:40
2024-05-02,0,564,0.0,191,22.4,191,22.4,10.7173,54.5,0:03:22
2024-05-03,2,566,0.4,148,-22.5,148,-22.5,6.2376,-41.8,0:02:31
2024-05-04,-1,565,-0.2,155,4.7,155,4.7,6.3207,1.3,0:02:26
2024-05-05,0,565,0.0,89,-42.6,89,-42.6,7.578,19.9,0:05:06
2024-05-06,-1,564,-0.2,148,66.3,148,66.3,5.44,-28.2,0:02:12
2024-05-07,-1,563,-0.2,122,-17.6,122,-17.6,3.8696,-28.9,0:01:54
2024-05-08,0,563,0.0,72,-41.0,72,-41.0,5.7949,49.8,0:04:49
2024-05-09,2,565,0.4,100,38.9,100,38.9,5.7318,-1.1,0:03:26
2024-05-10,0,565,0.0,144,44.0,144,44.0,8.8872,55.1,0:03:42
2024-05-11,0,565,0.0,134,-6.9,134,-6.9,8.2705,-6.9,0:03:42
2024-05-12,1,566,0.2,98,-26.9,98,-26.9,5.8412,-29.4,0:03:34
2024-05-13,0,566,0.0,134,36.7,134,36.7,7.1295,22.1,0:03:11
2024-05-14,-1,565,-0.2,96,-28.4,96,-28.4,4.3799,-38.6,0:02:44
2024-05-15,1,566,0.2,101,5.2,101,5.2,8.1849,86.9,0:04:51
2024-05-16,0,566,0.0,90,-10.9,90,-10.9,5.3573,-34.5,0:03:34
2024-05-17,0,566,0.0,120,33.3,120,33.3,8.6402,61.3,0:04:19
2024-05-18,1,567,0.2,136,13.3,136,13.3,8.5868,-0.6,0:03:47
2024-05-19,0,567,0.0,56,-58.8,56,-58.8,3.528,-58.9,0:03:46
2024-05-20,0,567,0.0,69,23.2,69,23.2,5.4522,54.5,0:04:44
2024-05-21,0,567,0.0,53,-23.2,53,-23.2,3.1191,-42.8,0:03:31
2024-05-22,0,567,0.0,67,26.4,67,26.4,5.4064,73.3,0:04:50
2024-05-23,0,567,0.0,56,-16.4,56,-16.4,3.0274,-44.0,0:03:14
2024-05-24,0,567,0.0,476,750.0,476,750.0,5.1807,71.1,0:00:39
2024-05-25,1,568,0.2,98,-79.4,98,-79.4,5.2058,0.5,0:03:11
2024-05-26,0,568,0.0,68,-30.6,68,-30.6,4.5079,-13.4,0:03:58
2024-05-27,0,568,0.0,54,-20.6,54,-20.6,4.0731,-9.6,0:04:31
2024-05-28,0,568,0.0,67,24.1,67,24.1,3.4801,-14.6,0:03:06
2024-05-29,0,568,0.0,55,-17.9,55,-17.9,2.6627,-23.5,0:02:54
2024-05-30,0,568,0.0,78,41.8,78,41.8,4.5952,72.6,0:03:32
2024-05-31,0,568,0.0,66,-15.4,66,-15.4,3.9301,-14.5,0:03:34
2024-06-01,2,570,0.4,68,3.0,68,3.0,3.4145,-13.1,0:03:00
2024-06-02,0,570,0.0,70,2.9,70,2.9,5.2283,53.1,0:04:28
2024-06-03,0,570,0.0,62,-11.4,62,-11.4,2.8969,-44.6,0:02:48
2024-06-04,0,570,0.0,74,19.4,74,19.4,4.1154,42.1,0:03:20
2024-06-05,0,570,0.0,76,2.7,76,2.7,3.6782,-10.6,0:02:54
2024-06-06,0,570,0.0,53,-30.3,53,-30.3,4.3005,16.9,0:04:52
2024-06-07,0,570,0.0,86,62.3,86,62.3,6.2498,45.3,0:04:21
2024-06-08,1,571,0.2,62,-27.9,62,-27.9,3.5187,-43.7,0:03:24
2024-06-09,0,571,0.0,83,33.9,83,33.9,3.5598,1.2,0:02:34
2024-06-10,0,571,0.0,95,14.5,95,14.5,5.4258,52.4,0:03:25
2024-06-11,0,571,0.0,53,-44.2,53,-44.2,4.5995,-15.2,0:05:12
2024-06-12,0,571,0.0,74,39.6,74,39.6,4.0019,-13.0,0:03:14
2024-06-13,0,571,0.0,61,-17.6,61,-17.6,3.5899,-10.3,0:03:31
2024-06-14,0,571,0.0,48,-21.3,48,-21.3,2.67,-25.6,0:03:20
2024-06-15,0,571,0.0,60,25.0,60,25.0,3.0719,15.1,0:03:04
2024-06-16,0,571,0.0,82,36.7,82,36.7,4.2497,38.3,0:03:06
2024-06-17,0,571,0.0,64,-22.0,64,-22.0,3.7168,-12.5,0:03:29
2024-06-18,0,571,0.0,62,-3.1,62,-3.1,3.1075,-16.4,0:03:00
2024-06-19,0,571,0.0,81,30.6,81,30.6,5.7148,83.9,0:04:13
2024-06-20,0,571,0.0,110,35.8,110,35.8,4.3076,-24.6,0:02:20
2024-06-21,0,571,0.0,59,-46.4,59,-46.4,3.1705,-26.4,0:03:13
2024-06-22,0,571,0.0,44,-25.4,44,-25.4,2.3602,-25.6,0:03:13
2024-06-23,0,571,0.0,55,25.0,55,25.0,3.898,65.2,0:04:15
2024-06-24,-1,570,-0.2,51,-7.3,51,-7.3,1.9425,-50.2,0:02:17
2024-06-25,0,570,0.0,39,-23.5,39,-23.5,2.1513,10.7,0:03:18
2024-06-26,0,570,0.0,35,-10.3,35,-10.3,2.3613,9.8,0:04:02
2024-06-27,0,570,0.0,53,51.4,53,51.4,3.375,42.9,0:03:49
2024-06-28,0,570,0.0,68,28.3,68,28.3,1.9442,-42.4,0:01:42
2024-06-29,0,570,0.0,39,-42.6,39,-42.6,1.7169,-11.7,0:02:38
2024-06-30,0,570,0.0,49,25.6,49,25.6,1.8793,9.5,0:02:18
2024-07-01,0,570,0.0,44,-10.2,44,-10.2,1.5269,-18.8,0:02:04
2024-07-02,1,571,0.2,49,11.4,49,11.4,2.6249,71.9,0:03:12
2024-07-03,1,572,0.2,34,-30.6,34,-30.6,1.6403,-37.5,0:02:53
2024-07-04,0,572,0.0,287,744.1,287,744.1,3.1003,89.0,0:00:38
2024-07-05,-1,571,-0.2,73,-74.6,73,-74.6,4.4956,45.0,0:03:41
2024-07-06,0,571,0.0,69,-5.5,69,-5.5,3.9699,-11.7,0:03:27
2024-07-07,0,571,0.0,69,0.0,69,0.0,7.354,85.2,0:06:23
2024-07-08,-1,570,-0.2,65,-5.8,65,-5.8,2.6332,-64.2,0:02:25
2024-07-09,0,570,0.0,73,12.3,73,12.3,3.0599,16.2,0:02:30
2024-07-10,0,570,0.0,60,-17.8,60,-17.8,3.1505,3.0,0:03:09
2024-07-11,0,570,0.0,54,-10.0,54,-10.0,2.9079,-7.7,0:03:13
2024-07-12,0,570,0.0,46,-14.8,46,-14.8,4.1304,42.0,0:05:23
2024-07-13,0,570,0.0,50,8.7,50,8.7,6.5412,58.4,0:07:50
2024-07-14,0,570,0.0,46,-8.0,46,-8.0,1.6802,-74.3,0:02:11
2024-07-15,0,570,0.0,58,26.1,58,26.1,2.8535,69.8,0:02:57
2024-07-16,0,570,0.0,69,19.0,69,19.0,4.3706,53.2,0:03:48
2024-07-17,0,570,0.0,80,15.9,80,15.9,3.7828,-13.4,0:02:50
2024-07-18,0,570,0.0,44,-45.0,44,-45.0,2.4034,-36.5,0:03:16
2024-07-19,1,571,0.2,47,6.8,47,6.8,1.4854,-38.2,0:01:53
2024-07-20,0,571,0.0,63,34.0,63,34.0,2.8475,91.7,0:02:42
2024-07-21,0,571,0.0,41,-34.9,41,-34.9,1.4456,-49.2,0:02:06
2024-07-22,0,571,0.0,43,4.9,43,4.9,1.6348,13.1,0:02:16
2024-07-23,0,571,0.0,41,-4.7,41,-4.7,1.7907,9.5,0:02:37
2024-07-24,0,571,0.0,47,14.6,47,14.6,2.59,44.6,0:03:18
2024-07-25,0,571,0.0,52,10.6,52,10.6,2.1029,-18.8,0:02:25
2024-07-26,0,571,0.0,65,25.0,65,25.0,2.5942,23.4,0:02:23
2024-07-27,0,571,0.0,55,-15.4,55,-15.4,2.9088,12.1,0:03:10
2024-07-28,0,571,0.0,35,-36.4,35,-36.4,1.5032,-48.3,0:02:34
2024-07-29,-1,570,-0.2,801,2188.6,801,2188.6,10.509,599.1,0:00:47
2024-07-30,0,570,0.0,114,-85.8,114,-85.8,2.2996,-78.1,0:01:12
2024-07-31,0,570,0.0,55,-51.8,55,-51.8,2.664,15.8,0:02:54
2024-08-01,0,570,0.0,44,-20.0,44,-20.0,2.1818,-18.1,0:02:58
2024-08-02,0,570,0.0,55,25.0,55,25.0,2.4756,13.5,0:02:42
2024-08-03,0,570,0.0,51,-7.3,51,-7.3,2.1142,-14.6,0:02:29
2024-08-04,0,570,0.0,48,-5.9,48,-5.9,2.6577,25.7,0:03:19
2024-08-05,0,570,0.0,46,-4.2,46,-4.2,1.7697,-33.4,0:02:18
2024-08-06,1,571,0.2,51,10.9,51,10.9,2.4455,38.2,0:02:52
2024-08-07,0,571,0.0,55,7.8,55,7.8,6.6799,173.2,0:07:17
2024-08-08,0,571,0.0,48,-12.7,48,-12.7,2.3291,-65.1,0:02:54
2024-08-09,0,571,0.0,42,-12.5,42,-12.5,1.2099,-48.1,0:01:43
2024-08-10,0,571,0.0,54,28.6,54,28.6,3.7917,213.4,0:04:12
2024-08-11,0,571,0.0,45,-16.7,45,-16.7,2.9903,-21.1,0:03:59
2024-08-12,0,571,0.0,35,-22.2,35,-22.2,1.9584,-34.5,0:03:21
2024-08-13,0,571,0.0,42,20.0,42,20.0,1.6752,-14.5,0:02:23
2024-08-14,0,571,0.0,31,-26.2,31,-26.2,1.5634,-6.7,0:03:01
2024-08-15,0,571,0.0,56,80.6,56,80.6,3.3294,113.0,0:03:34
2024-08-16,0,571,0.0,40,-28.6,40,-28.6,1.961,-41.1,0:02:56
2024-08-17,1,572,0.2,43,7.5,43,7.5,1.8914,-3.5,0:02:38
2024-08-18,0,572,0.0,40,-7.0,40,-7.0,1.7267,-8.7,0:02:35
2024-08-19,0,572,0.0,33,-17.5,33,-17.5,1.5176,-12.1,0:02:45
2024-08-20,0,572,0.0,32,-3.0,32,-3.0,1.586,4.5,0:02:58
2024-08-21,1,573,0.2,33,3.1,33,3.1,1.1781,-25.7,0:02:08
2024-08-22,0,573,0.0,45,36.4,45,36.4,2.1848,85.5,0:02:54
2024-08-23,0,573,0.0,46,2.2,46,2.2,2.9213,33.7,0:03:48
2024-08-24,0,573,0.0,50,8.7,50,8.7,2.249,-23.0,0:02:41
2024-08-25,0,573,0.0,29,-42.0,29,-42.0,0.8527,-62.1,0:01:45
2024-08-26,0,573,0.0,38,31.0,38,31.0,2.0208,137.0,0:03:11
2024-08-27,1,574,0.2,38,0.0,38,0.0,1.5438,-23.6,0:02:26
2024-08-28,0,574,0.0,34,-10.5,34,-10.5,1.2597,-18.4,0:02:13
2024-08-29,0,574,0.0,37,8.8,37,8.8,1.7604,39.7,0:02:51
2024-08-30,1,575,0.2,36,-2.7,36,-2.7,1.9068,8.3,0:03:10
2024-08-31,0,575,0.0,40,11.1,40,11.1,2.1473,12.6,0:03:13
2024-09-01,0,575,0.0,39,-2.5,39,-2.5,1.6551,-22.9,0:02:32
2024-09-02,0,575,0.0,30,-23.1,30,-23.1,1.2412,-25.0,0:02:28
2024-09-03,0,575,0.0,25,-16.7,25,-16.7,1.1761,-5.2,0:02:49
2024-09-04,0,575,0.0,47,88.0,47,88.0,2.7307,132.2,0:03:29
2024-09-05,0,575,0.0,56,19.1,56,19.1,3.1154,14.1,0:03:20
2024-09-06,0,575,0.0,60,7.1,60,7.1,3.1944,2.5,0:03:11
2024-09-07,0,575,0.0,51,-15.0,51,-15.0,3.3758,5.7,0:03:58
2024-09-08,1,576,0.2,58,13.7,58,13.7,2.187,-35.2,0:02:15
2024-09-09,0,576,0.0,50,-13.8,50,-13.8,2.4799,13.4,0:02:58
2024-09-10,0,576,0.0,37,-26.0,37,-26.0,1.5946,-35.7,0:02:35
2024-09-11,0,576,0.0,43,16.2,43,16.2,2.1018,31.8,0:02:55
2024-09-12,0,576,0.0,49,14.0,49,14.0,2.0525,-2.3,0:02:30
2024-09-13,0,576,0.0,69,40.8,69,40.8,2.3365,13.8,0:02:01
2024-09-14,1,577,0.2,44,-36.2,44,-36.2,2.3948,2.5,0:03:15
2024-09-15,0,577,0.0,37,-15.9,37,-15.9,1.512,-36.9,0:02:27
2024-09-16,0,577,0.0,29,-21.6,29,-21.6,1.9149,26.6,0:03:57
2024-09-17,0,577,0.0,36,24.1,36,24.1,1.3209,-31.0,0:02:12
2024-09-18,0,577,0.0,30,-16.7,30,-16.7,2.1342,61.6,0:04:16
2024-09-19,0,577,0.0,30,0.0,30,0.0,1.2395,-41.9,0:02:28
2024-09-20,0,577,0.0,35,16.7,35,16.7,1.1947,-3.6,0:02:02
2024-09-21,0,577,0.0,30,-14.3,30,-14.3,1.192,-0.2,0:02:23
2024-09-22,1,578,0.2,64,113.3,64,113.3,3.6169,203.4,0:03:23
2024-09-23,0,578,0.0,53,-17.2,53,-17.2,3.0934,-14.5,0:03:30
2024-09-24,0,578,0.0,48,-9.4,48,-9.4,2.4395,-21.1,0:03:02
2024-09-25,0,578,0.0,36,-25.0,36,-25.0,1.854,-24.0,0:03:05
2024-09-26,0,578,0.0,34,-5.6,34,-5.6,1.4546,-21.5,0:02:34
2024-09-27,0,578,0.0,27,-20.6,27,-20.6,2.0487,40.8,0:04:33
2024-09-28,0,578,0.0,30,11.1,30,11.1,1.2036,-41.3,0:02:24
2024-09-29,0,578,0.0,45,50.0,45,50.0,2.8153,133.9,0:03:45
2024-09-30,0,578,0.0,58,28.9,58,28.9,2.6486,-5.9,0:02:44
2024-10-01,0,578,0.0,34,-41.4,34,-41.4,1.563,-41.0,0:02:45
2024-10-02,1,579,0.2,35,2.9,35,2.9,1.5464,-1.1,0:02:39
2024-10-03,0,579,0.0,35,0.0,35,0.0,1.1023,-28.7,0:01:53
2024-10-04,0,579,0.0,50,42.9,50,42.9,1.9143,73.7,0:02:17
2024-10-05,0,579,0.0,70,40.0,70,40.0,5.4646,185.5,0:04:41
2024-10-06,-1,578,-0.2,67,-4.3,67,-4.3,2.2671,-58.5,0:02:01
2024-10-07,0,578,0.0,43,-35.8,43,-35.8,2.9559,30.4,0:04:07
2024-10-08,0,578,0.0,58,34.9,58,34.9,2.692,-8.9,0:02:47
2024-10-09,0,578,0.0,69,19.0,69,19.0,2.9275,8.7,0:02:32
2024-10-10,0,578,0.0,51,-26.1,51,-26.1,1.9955,-31.8,0:02:20
2024-10-11,0,578,0.0,32,-37.3,32,-37.3,2.7287,36.7,0:05:06
2024-10-12,0,578,0.0,35,9.4,35,9.4,2.1002,-23.0,0:03:36
2024-10-13,0,578,0.0,46,31.4,46,31.4,3.044,44.9,0:03:58
2024-10-14,0,578,0.0,63,37.0,63,37.0,3.484,14.5,0:03:19
2024-10-15,0,578,0.0,46,-27.0,46,-27.0,2.2994,-34.0,0:02:59
2024-10-16,0,578,0.0,98,113.0,98,113.0,4.016,74.7,0:02:27
2024-10-17,0,578,0.0,62,-36.7,62,-36.7,3.3524,-16.5,0:03:14
2024-10-18,0,578,0.0,43,-30.6,43,-30.6,1.5105,-54.9,0:02:06
2024-10-19,0,578,0.0,58,34.9,58,34.9,2.768,83.3,0:02:51
2024-10-20,1,579,0.2,59,1.7,59,1.7,2.7289,-1.4,0:02:46
2024-10-21,0,579,0.0,141,139.0,141,139.0,6.0142,120.4,0:02:33
2024-10-22,1,580,0.2,158,12.1,158,12.1,7.4311,23.6,0:02:49
2024-10-23,0,580,0.0,115,-27.2,115,-27.2,5.2523,-29.3,0:02:44
2024-10-24,0,580,0.0,131,13.9,131,13.9,6.7014,27.6,0:03:04
2024-10-25,0,580,0.0,104,-20.6,104,-20.6,4.8344,-27.9,0:02:47
2024-10-26,0,580,0.0,80,-23.1,80,-23.1,4.0255,-16.7,0:03:01
2024-10-27,0,580,0.0,80,0.0,80,0.0,2.7969,-30.5,0:02:05
2024-10-28,0,580,0.0,48,-40.0,48,-40.0,2.5248,-9.7,0:03:09
2024-10-29,0,580,0.0,68,41.7,68,41.7,3.1324,24.1,0:02:45
2024-10-30,-1,579,-0.2,64,-5.9,64,-5.9,2.7193,-13.2,0:02:32
2024-10-31,0,579,0.0,110,71.9,110,71.9,5.146,89.2,0:02:48
2024-11-01,0,579,0.0,109,-0.9,109,-0.9,11.0954,115.6,0:06:06
2024-11-02,0,579,0.0,89,-18.3,89,-18.3,4.1286,-62.8,0:02:46
2024-11-03,0,579,0.0,62,-30.3,62,-30.3,2.5874,-37.3,0:02:30
2024-11-04,0,579,0.0,48,-22.6,48,-22.6,2.4604,-4.9,0:03:04
2024-11-05,0,579,0.0,43,-10.4,43,-10.4,2.5614,4.1,0:03:34
2024-11-06,0,579,0.0,43,0.0,43,0.0,3.1822,24.2,0:04:26
2024-11-07,0,579,0.0,85,97.7,85,97.7,4.223,32.7,0:02:58
2024-11-08,0,579,0.0,86,1.2,86,1.2,5.0155,18.8,0:03:29
2024-11-09,0,579,0.0,74,-14.0,74,-14.0,3.8915,-22.4,0:03:09
2024-11-10,0,579,0.0,59,-20.3,59,-20.3,2.7761,-28.7,0:02:49
2024-11-11,1,580,0.2,91,54.2,91,54.2,5.3576,93.0,0:03:31
2024-11-12,0,580,0.0,90,-1.1,90,-1.1,3.9808,-25.7,0:02:39
2024-11-13,0,580,0.0,58,-35.6,58,-35.6,3.7529,-5.7,0:03:52
2024-11-14,0,580,0.0,84,44.8,84,44.8,2.4146,-35.7,0:01:43
2024-11-15,0,580,0.0,75,-10.7,75,-10.7,4.8313,100.1,0:03:51
2024-11-16,0,580,0.0,79,5.3,79,5.3,3.6631,-24.2,0:02:46
2024-11-17,0,580,0.0,80,1.3,80,1.3,4.678,27.7,0:03:30
2024-11-18,0,580,0.0,85,6.3,85,6.3,7.1083,52.0,0:05:01
2024-11-19,0,580,0.0,99,16.5,99,16.5,5.6297,-20.8,0:03:24
2024-11-20,0,580,0.0,88,-11.1,88,-11.1,4.2706,-24.1,0:02:54
2024-11-21,-1,579,-0.2,92,4.5,92,4.5,3.7281,-12.7,0:02:25
2024-11-22,0,579,0.0,77,-16.3,77,-16.3,3.1725,-14.9,0:02:28
2024-11-23,1,580,0.2,91,18.2,91,18.2,4.2344,33.5,0:02:47
2024-11-24,0,580,0.0,89,-2.2,89,-2.2,4.9544,17.0,0:03:20
2024-11-25,0,580,0.0,120,34.8,120,34.8,8.6009,73.6,0:04:18
2024-11-26,1,581,0.2,127,5.8,127,5.8,6.4184,-25.4,0:03:01
2024-11-27,0,581,0.0,110,-13.4,110,-13.4,5.3814,-16.2,0:02:56
2024-11-28,0,581,0.0,111,0.9,111,0.9,3.7584,-30.2,0:02:01
2024-11-29,1,582,0.2,51,-54.1,51,-54.1,2.0756,-44.8,0:02:26
2024-11-30,0,582,0.0,77,51.0,77,51.0,2.9805,43.6,0:02:19
2024-12-01,0,582,0.0,55,-28.6,55,-28.6,2.2915,-23.1,0:02:29
2024-12-02,0,582,0.0,53,-3.6,53,-3.6,2.4692,7.8,0:02:47
2024-12-03,0,582,0.0,837,1479.2,837,1479.2,4.5558,84.5,0:00:19
2024-12-04,0,582,0.0,86,-89.7,86,-89.7,2.5847,-43.3,0:01:48
2024-12-05,0,582,0.0,95,10.5,95,10.5,3.1723,22.7,0:02:00
2024-12-06,1,583,0.2,110,15.8,110,15.8,2.9543,-6.9,0:01:36
2024-12-07,0,583,0.0,90,-18.2,90,-18.2,3.2556,10.2,0:02:10
2024-12-08,0,583,0.0,70,-22.2,70,-22.2,2.9722,-8.7,0:02:32
2024-12-09,0,583,0.0,55,-21.4,55,-21.4,2.5391,-14.6,0:02:46
2024-12-10,0,583,0.0,54,-1.8,54,-1.8,2.6042,2.6,0:02:53
2024-12-11,0,583,0.0,93,72.2,93,72.2,4.6763,79.6,0:03:01
2024-12-12,0,583,0.0,76,-18.3,76,-18.3,3.7958,-18.8,0:02:59
2024-12-13,0,583,0.0,86,13.2,86,13.2,5.0304,32.5,0:03:30
2024-12-14,0,583,0.0,75,-12.8,75,-12.8,4.8424,-3.7,0:03:52
2024-12-15,0,583,0.0,106,41.3,106,41.3,4.7699,-1.5,0:02:41
2024-12-16,1,584,0.2,94,-11.3,94,-11.3,5.3833,12.9,0:03:26
2024-12-17,1,585,0.2,97,3.2,97,3.2,5.95,10.5,0:03:40
2024-12-18,0,585,0.0,114,17.5,114,17.5,7.6811,29.1,0:04:02
2024-12-19,0,585,0.0,82,-28.1,82,-28.1,6.6217,-13.8,0:04:50
2024-12-20,0,585,0.0,89,8.5,89,8.5,5.5465,-16.2,0:03:44
2024-12-21,0,585,0.0,81,-9.0,81,-9.0,4.5486,-18.0,0:03:22
2024-12-22,1,586,0.2,62,-23.5,62,-23.5,3.4684,-23.7,0:03:21
2024-12-23,0,586,0.0,85,37.1,85,37.1,5.1495,48.5,0:03:38
2024-12-24,0,586,0.0,74,-12.9,74,-12.9,4.6041,-10.6,0:03:43
2024-12-25,1,587,0.2,69,-6.8,69,-6.8,4.1832,-9.1,0:03:38
2024-12-26,0,587,0.0,95,37.7,95,37.7,5.0719,21.2,0:03:12
2024-12-27,0,587,0.0,131,37.9,131,37.9,8.3744,65.1,0:03:50
2024-12-28,0,587,0.0,84,-35.9,84,-35.9,5.444,-35.0,0:03:53
2024-12-29,0,587,0.0,115,36.9,115,36.9,6.9772,28.2,0:03:38
2024-12-30,1,588,0.2,93,-19.1,93,-19.1,5.917,-15.2,0:03:49
2024-12-31,1,589,0.2,105,12.9,105,12.9,7.6108,28.6,0:04:20
2025-01-01,0,589,0.0,117,11.4,117,11.4,6.8835,-9.6,0:03:31
2025-01-02,0,589,0.0,113,-3.4,113,-3.4,7.6194,10.7,0:04:02
2025-01-03,0,589,0.0,78,-31.0,78,-31.0,5.605,-26.4,0:04:18
2025-01-04,1,590,0.2,94,20.5,94,20.5,6.7304,20.1,0:04:17
2025-01-05,0,590,0.0,100,6.4,100,6.4,7.1014,5.5,0:04:15
2025-01-06,1,591,0.2,92,-8.0,92,-8.0,5.6408,-20.6,0:03:40
2025-01-07,0,591,0.0,72,-21.7,72,-21.7,4.3575,-22.8,0:03:37
2025-01-08,1,592,0.2,90,25.0,90,25.0,8.4863,94.8,0:05:39
2025-01-09,0,592,0.0,84,-6.7,84,-6.7,3.746,-55.9,0:02:40
2025-01-10,1,593,0.2,85,1.2,85,1.2,3.8518,2.8,0:02:43
2025-01-11,0,593,0.0,90,5.9,90,5.9,5.5841,45.0,0:03:43
2025-01-12,1,594,0.2,110,22.2,110,22.2,7.8055,39.8,0:04:15
2025-01-13,0,594,0.0,104,-5.5,104,-5.5,7.4003,-5.2,0:04:16
2025-01-14,0,594,0.0,117,12.5,117,12.5,8.7807,18.7,0:04:30
2025-01-15,1,595,0.2,134,14.5,134,14.5,7.9601,-9.3,0:03:33
2025-01-16,0,595,0.0,92,-31.3,92,-31.3,5.4194,-31.9,0:03:32
2025-01-17,0,595,0.0,61,-33.7,61,-33.7,2.8482,-47.4,0:02:48
2025-01-18,0,595,0.0,85,39.3,85,39.3,4.3986,54.4,0:03:06
2025-01-19,0,595,0.0,123,44.7,123,44.7,8.4368,91.8,0:04:06
2025-01-20,1,596,0.2,257,108.9,257,108.9,6.2713,-25.7,0:01:27
2025-01-21,0,596,0.0,105,-59.1,105,-59.1,5.5,-12.3,0:03:08
2025-01-22,0,596,0.0,122,16.2,122,16.2,7.2999,32.7,0:03:35
2025-01-23,0,596,0.0,109,-10.7,109,-10.7,6.9575,-4.7,0:03:49
2025-01-24,0,596,0.0,96,-11.9,96,-11.9,5.7815,-16.9,0:03:36
2025-01-25,0,596,0.0,109,13.5,109,13.5,7.4887,29.5,0:04:07
2025-01-26,0,596,0.0,109,0.0,109,0.0,6.9959,-6.6,0:03:51
2025-01-27,0,596,0.0,105,-3.7,105,-3.7,6.1597,-12.0,0:03:31
2025-01-28,0,596,0.0,69,-34.3,69,-34.3,3.3519,-45.6,0:02:54
2025-01-29,0,596,0.0,100,44.9,100,44.9,6.1452,83.3,0:03:41
2025-01-30,1,597,0.2,122,22.0,122,22.0,7.0192,14.2,0:03:27
2025-01-31,1,598,0.2,113,-7.4,113,-7.4,6.3239,-9.9,0:03:21
2025-02-01,0,598,0.0,117,3.5,117,3.5,5.4319,-14.1,0:02:47
2025-02-02,2,600,0.3,108,-7.7,108,-7.7,7.589,39.7,0:04:12
2025-02-03,0,600,0.0,127,17.6,127,17.6,7.9355,4.6,0:03:44
2025-02-04,0,600,0.0,140,10.2,140,10.2,8.5789,8.1,0:03:40
2025-02-05,0,600,0.0,174,24.3,174,24.3,10.626,23.9,0:03:39
2025-02-06,0,600,0.0,131,-24.7,131,-24.7,8.3522,-21.4,0:03:49
2025-02-07,0,600,0.0,142,8.4,142,8.4,8.8272,5.7,0:03:43
2025-02-08,-1,599,-0.2,211,48.6,211,48.6,12.39,40.4,0:03:31
2025-02-09,0,599,0.0,114,-46.0,114,-46.0,7.7237,-37.7,0:04:03
2025-02-10,0,599,0.0,143,25.4,143,25.4,10.8619,40.6,0:04:33
2025-02-11,0,599,0.0,131,-8.4,131,-8.4,9.1312,-15.9,0:04:10
2025-02-12,0,599,0.0,142,8.4,142,8.4,9.1098,-0.2,0:03:50
2025-02-13,0,599,0.0,160,12.7,160,12.7,12.1668,33.6,0:04:33
2025-02-14,3,602,0.5,744,365.0,744,365.0,13.1972,8.5,0:01:03
2025-02-15,0,602,0.0,194,-73.9,194,-73.9,10.2938,-22.0,0:03:11
2025-02-16,0,602,0.0,151,-22.2,151,-22.2,8.9223,-13.3,0:03:32
2025-02-17,0,602,0.0,160,6.0,160,6.0,9.1407,2.4,0:03:25
2025-02-18,0,602,0.0,141,-11.9,141,-11.9,9.2018,0.7,0:03:54
2025-02-19,0,602,0.0,143,1.4,143,1.4,8.0796,-12.2,0:03:23
2025-02-20,0,602,0.0,168,17.5,168,17.5,13.1327,62.5,0:04:41
2025-02-21,1,603,0.2,147,-12.5,147,-12.5,8.8547,-32.6,0:03:36
2025-02-22,0,603,0.0,162,10.2,162,10.2,9.8746,11.5,0:03:39
2025-02-23,1,604,0.2,157,-3.1,157,-3.1,11.7194,18.7,0:04:28
2025-02-24,2,606,0.3,152,-3.2,152,-3.2,10.1508,-13.4,0:04:00
2025-02-25,0,606,0.0,91,-40.1,91,-40.1,5.4718,-46.1,0:03:36
2025-02-26,0,606,0.0,105,15.4,105,15.4,6.4334,17.6,0:03:40
2025-02-27,0,606,0.0,134,27.6,134,27.6,6.6775,3.8,0:02:59
2025-02-28,0,606,0.0,131,-2.2,131,-2.2,8.3093,24.4,0:03:48
2025-03-01,0,606,0.0,243,85.5,243,85.5,7.385,-11.1,0:01:49
2025-03-02,0,606,0.0,487,100.4,487,100.4,5.6674,-23.3,0:00:41
2025-03-03,3,609,0.5,87,-82.1,87,-82.1,5.7201,0.9,0:03:56
2025-03-04,0,609,0.0,67,-23.0,67,-23.0,4.1592,-27.3,0:03:43
2025-03-05,0,609,0.0,113,68.7,113,68.7,8.2285,97.8,0:04:22
2025-03-06,1,610,0.2,78,-31.0,78,-31.0,3.8022,-53.8,0:02:55
2025-03-07,1,611,0.2,142,82.1,142,82.1,7.967,109.5,0:03:21
2025-03-08,0,611,0.0,83,-41.5,83,-41.5,4.282,-46.3,0:03:05
2025-03-09,0,611,0.0,80,-3.6,80,-3.6,5.2177,21.9,0:03:54
2025-03-10,-1,610,-0.2,65,-18.8,65,-18.8,4.6765,-10.4,0:04:19
2025-03-11,0,610,0.0,88,35.4,88,35.4,4.9377,5.6,0:03:21
2025-03-12,0,610,0.0,136,54.5,136,54.5,8.7514,77.2,0:03:51
2025-03-13,1,611,0.2,131,-3.7,131,-3.7,7.1607,-18.2,0:03:16
2025-03-14,1,612,0.2,105,-19.8,105,-19.8,6.4881,-9.4,0:03:42
2025-03-15,0,612,0.0,102,-2.9,102,-2.9,7.0045,8.0,0:04:07
2025-03-16,1,613,0.2,111,8.8,111,8.8,5.8166,-17.0,0:03:08
2025-03-17,0,613,0.0,88,-20.7,88,-20.7,4.2307,-27.3,0:02:53
2025-03-18,0,613,0.0,76,-13.6,76,-13.6,3.3913,-19.8,0:02:40
2025-03-19,0,613,0.0,110,44.7,110,44.7,6.038,78.0,0:03:17
2025-03-20,0,613,0.0,126,14.5,126,14.5,7.4112,22.7,0:03:31
2025-03-21,0,613,0.0,110,-12.7,110,-12.7,6.8976,-6.9,0:03:45
2025-03-22,1,614,0.2,114,3.6,114,3.6,7.8217,13.4,0:04:07
2025-03-23,2,616,0.3,94,-17.5,94,-17.5,5.2918,-32.3,0:03:22
2025-03-24,0,616,0.0,97,3.2,97,3.2,6.2693,18.5,0:03:52
2025-03-25,0,616,0.0,103,6.2,103,6.2,7.43,18.5,0:04:19
2025-03-26,0,616,0.0,89,-13.6,89,-13.6,5.407,-27.2,0:03:38
2025-03-27,0,616,0.0,130,46.1,130,46.1,7.207,33.3,0:03:19
2025-03-28,0,616,0.0,85,-34.6,85,-34.6,5.0305,-30.2,0:03:33
2025-03-29,1,617,0.2,112,31.8,112,31.8,7.3216,45.5,0:03:55
2025-03-30,0,617,0.0,127,13.4,127,13.4,10.1529,38.7,0:04:47
2025-03-31,0,617,0.0,136,7.1,137,7.9,9.7884,-3.6,0:04:19
2025-04-01,0,617,0.0,92,-32.4,92,-32.8,7.2415,-26.0,0:04:43
2025-04-02,0,617,0.0,121,31.5,121,31.5,7.1398,-1.4,0:03:32
2025-04-03,0,617,0.0,76,-37.2,78,-35.5,5.4974,-23.0,0:04:20
2025-04-04,1,618,0.2,67,-11.8,67,-14.1,3.652,-33.6,0:03:16
2025-04-05,0,618,0.0,98,46.3,98,46.3,15.5215,325.0,0:09:30
2025-04-06,0,618,0.0,83,-15.3,83,-15.3,4.4863,-71.1,0:03:14
2025-04-07,0,618,0.0,51,-38.6,51,-38.6,3.5417,-21.1,0:04:09
2025-04-08,0,618,0.0,87,70.6,89,74.5,6.1915,74.8,0:04:16
2025-04-09,0,618,0.0,105,20.7,105,18.0,6.6722,7.8,0:03:48
2025-04-10,0,618,0.0,87,-17.1,87,-17.1,5.3622,-19.6,0:03:41
2025-04-11,0,618,0.0,80,-8.0,80,-8.0,5.2568,-2.0,0:03:56
2025-04-12,1,619,0.2,68,-15.0,68,-15.0,4.5823,-12.8,0:04:02
2025-04-13,0,619,0.0,77,13.2,77,13.2,4.372,-4.6,0:03:24
2025-04-14,0,619,0.0,68,-11.7,68,-11.7,3.7067,-15.2,0:03:16
2025-04-15,0,619,0.0,101,48.5,101,48.5,7.0826,91.1,0:04:12
2025-04-16,0,619,0.0,89,-11.9,89,-11.9,8.5091,20.1,0:05:44
2025-04-17,0,619,0.0,112,25.8,112,25.8,10.3548,21.7,0:05:32
2025-04-18,0,619,0.0,99,-11.6,99,-11.6,6.1743,-40.4,0:03:44
2025-04-19,0,619,0.0,73,-26.3,73,-26.3,4.393,-28.9,0:03:36
2025-04-20,1,620,0.2,75,2.7,76,4.1,3.2799,-25.3,0:02:37
2025-04-21,0,620,0.0,89,18.7,89,17.1,5.6538,72.4,0:03:48
2025-04-22,0,620,0.0,83,-6.7,83,-6.7,5.1497,-8.9,0:03:43
2025-04-23,0,620,0.0,96,15.7,97,16.9,5.4883,6.6,0:03:25
2025-04-24,0,620,0.0,93,-3.1,95,-2.1,7.0677,28.8,0:04:33
2025-04-25,0,620,0.0,98,5.4,99,4.2,6.0857,-13.9,0:03:43
2025-04-26,0,620,0.0,95,-3.1,96,-3.0,5.9987,-1.4,0:03:47
2025-04-27,0,620,0.0,135,42.1,138,43.8,9.6471,60.8,0:04:17
2025-04-28,0,620,0.0,112,-17.0,112,-18.8,7.0491,-26.9,0:03:46
2025-04-29,0,620,0.0,103,-8.0,103,-8.0,6.7738,-3.9,0:03:56
2025-04-30,0,620,0.0,94,-8.7,95,-7.8,6.0761,-10.3,0:03:52
2025-05-01,0,620,0.0,101,7.4,101,6.3,5.6041,-7.8,0:03:19
2025-05-02,0,620,0.0,121,19.8,123,21.8,6.4915,15.8,0:03:13
2025-05-03,1,621,0.2,113,-6.6,117,-4.9,5.8424,-10.0,0:03:06
2025-05-04,0,621,0.0,208,84.1,555,374.4,8.7177,49.2,0:02:29
2025-05-05,3,624,0.5,117,-43.8,122,-78.0,6.6268,-24.0,0:03:23
2025-05-06,-1,623,-0.2,103,-12.0,103,-15.6,6.4055,-3.3,0:03:43
2025-05-07,0,623,0.0,85,-17.5,86,-16.5,5.9007,-7.9,0:04:09
2025-05-08,0,623,0.0,98,15.3,98,14.0,5.3767,-8.9,0:03:17
2025-05-09,0,623,0.0,90,-8.2,91,-7.1,5.2138,-3.0,0:03:28
2025-05-10,-1,622,-0.2,65,-27.8,65,-28.6,3.5888,-31.2,0:03:18
2025-05-11,0,622,0.0,74,13.8,74,13.8,4.5889,27.9,0:03:43
2025-05-12,0,622,0.0,76,2.7,76,2.7,4.5481,-0.9,0:03:35
2025-05-13,0,622,0.0,66,-13.2,66,-13.2,3.986,-12.4,0:03:37
2025-05-14,0,622,0.0,63,-4.5,63,-4.5,3.9533,-0.8,0:03:45
2025-05-15,0,622,0.0,61,-3.2,62,-1.6,4.0481,2.4,0:03:58
2025-05-16,0,622,0.0,52,-14.8,52,-16.1,3.3542,-17.1,0:03:52
2025-05-17,0,622,0.0,64,23.1,64,23.1,3.6893,10.0,0:03:27
2025-05-18,0,622,0.0,54,-15.6,54,-15.6,2.469,-33.1,0:02:44
2025-05-19,2,624,0.3,60,11.1,60,11.1,3.1696,28.4,0:03:10
2025-05-20,-1,623,-0.2,69,15.0,70,16.7,4.5803,44.5,0:03:58
2025-05-21,0,623,0.0,64,-7.2,64,-8.6,4.1976,-8.4,0:03:56
2025-05-22,0,623,0.0,57,-10.9,59,-7.8,3.7799,-10.0,0:03:58
2025-05-23,0,623,0.0,49,-14.0,49,-16.9,2.4608,-34.9,0:03:00
2025-05-24,0,623,0.0,64,30.6,65,32.7,2.9229,18.8,0:02:44
2025-05-25,0,623,0.0,50,-21.9,50,-23.1,2.7025,-7.5,0:03:14
2025-05-26,0,623,0.0,58,16.0,58,16.0,3.0302,12.1,0:03:08
2025-05-27,0,623,0.0,70,20.7,70,20.7,4.4725,47.6,0:03:50
2025-05-28,0,623,0.0,66,-5.7,66,-5.7,4.0385,-9.7,0:03:40
2025-05-29,0,623,0.0,61,-7.6,61,-7.6,4.1937,3.8,0:04:07
2025-05-30,0,623,0.0,58,-4.9,58,-4.9,3.2358,-22.8,0:03:20
2025-05-31,0,623,0.0,48,-17.2,48,-17.2,2.6337,-18.6,0:03:17
2025-06-01,0,623,0.0,41,-14.6,41,-14.6,2.1056,-20.1,0:03:04
2025-06-02,0,623,0.0,69,68.3,69,68.3,4.1636,97.7,0:03:37
2025-06-03,1,624,0.2,66,-4.3,66,-4.3,5.7404,37.9,0:05:13
2025-06-04,0,624,0.0,77,16.7,79,19.7,4.6713,-18.6,0:03:38
2025-06-05,0,624,0.0,63,-18.2,63,-20.3,4.3184,-7.6,0:04:06
2025-06-06,0,624,0.0,76,20.6,76,20.6,4.4882,3.9,0:03:32
2025-06-07,0,624,0.0,70,-7.9,71,-6.6,2.287,-49.0,0:01:57
2025-06-08,1,625,0.2,61,-12.9,61,-14.1,3.7735,65.0,0:03:42
2025-06-09,0,625,0.0,68,11.5,68,11.5,3.4181,-9.4,0:03:00
2025-06-10,0,625,0.0,71,4.4,73,7.4,4.2706,24.9,0:03:36
2025-06-11,0,625,0.0,81,14.1,81,11.0,6.6472,55.7,0:04:55
2025-06-12,0,625,0.0,79,-2.5,79,-2.5,5.1056,-23.2,0:03:52
2025-06-13,0,625,0.0,51,-35.4,51,-35.4,3.7915,-25.7,0:04:27
2025-06-14,0,625,0.0,51,0.0,51,0.0,2.9499,-22.2,0:03:28
2025-06-15,0,625,0.0,51,0.0,52,2.0,2.705,-8.3,0:03:10
2025-06-16,0,625,0.0,54,5.9,54,3.8,3.9414,45.7,0:04:22
2025-06-17,0,625,0.0,61,13.0,61,13.0,3.4233,-13.1,0:03:22
2025-06-18,0,625,0.0,44,-27.9,44,-27.9,2.7,-21.1,0:03:40
2025-06-19,0,625,0.0,68,54.5,68,54.5,5.9397,120.0,0:05:14
2025-06-20,0,625,0.0,51,-25.0,51,-25.0,3.1267,-47.4,0:03:40
2025-06-21,0,625,0.0,44,-13.7,45,-11.8,2.1143,-32.4,0:02:52
2025-06-22,0,625,0.0,53,20.5,53,17.8,2.7747,31.2,0:03:08
2025-06-23,0,625,0.0,42,-20.8,42,-20.8,2.5911,-6.6,0:03:42
2025-06-24,0,625,0.0,54,28.6,56,33.3,2.2614,-12.7,0:02:30
2025-06-25,0,625,0.0,52,-3.7,52,-7.1,2.352,4.0,0:02:42
2025-06-26,0,625,0.0,45,-13.5,45,-13.5,2.2267,-5.3,0:02:58
2025-06-27,0,625,0.0,36,-20.0,37,-17.8,1.7343,-22.1,0:02:53
2025-06-28,0,625,0.0,50,38.9,50,35.1,2.4416,40.8,0:02:55
2025-06-29,0,625,0.0,54,8.0,54,8.0,1.8463,-24.4,0:02:03
2025-06-30,0,625,0.0,52,-3.7,53,-1.9,3.0859,67.1,0:03:33
2025-07-01,1,626,0.2,53,1.9,53,0.0,5.0151,62.5,0:05:40
2025-07-02,0,626,0.0,54,1.9,54,1.9,3.8297,-23.6,0:04:15
2025-07-03,0,626,0.0,63,16.7,63,16.7,2.982,-22.1,0:02:50
2025-07-04,4,630,0.6,16051,25377.8,39722,62950.8,69.4922,2230.4,0:00:15
2025-07-05,12,642,1.9,5569,-65.3,9858,-75.2,53.2878,-23.3,0:00:34
2025-07-06,2,644,0.3,747,-86.6,1425,-85.5,8.085,-84.8,0:00:38
2025-07-07,0,644,0.0,99,-86.7,177,-87.6,3.9386,-51.3,0:02:22
2025-07-08,1,645,0.2,240,142.4,388,119.2,11.3459,188.1,0:02:49
2025-07-09,0,645,0.0,76,-68.3,120,-69.1,2.7155,-76.1,0:02:08
2025-07-10,0,645,0.0,59,-22.4,74,-38.3,2.821,3.9,0:02:51
2025-07-11,0,645,0.0,714,1110.2,741,901.4,10.5116,272.6,0:00:52
2025-07-12,0,645,0.0,78,-89.1,96,-87.0,3.0155,-71.3,0:02:19
2025-07-13,0,645,0.0,75,-3.8,84,-12.5,2.4276,-19.5,0:01:56
2025-07-14,1,646,0.2,48,-36.0,54,-35.7,1.9519,-19.6,0:02:26
2025-07-15,0,646,0.0,59,22.9,65,20.4,6.4265,229.2,0:06:32
2025-07-16,0,646,0.0,52,-11.9,53,-18.5,1.8982,-70.5,0:02:11
2025-07-17,0,646,0.0,50,-3.8,54,1.9,1.5436,-18.7,0:01:51
2025-07-18,0,646,0.0,53,6.0,56,3.7,1.8479,19.7,0:02:05
2025-07-19,0,646,0.0,43,-18.9,45,-19.6,2.2563,22.1,0:03:08
2025-07-20,0,646,0.0,28,-34.9,32,-28.9,1.1354,-49.7,0:02:25
2025-07-21,0,646,0.0,39,39.3,39,21.9,2.1553,89.8,0:03:18
2025-07-22,0,646,0.0,44,12.8,44,12.8,1.3451,-37.6,0:01:50
2025-07-23,0,646,0.0,40,-9.1,40,-9.1,1.9208,42.8,0:02:52
2025-07-24,0,646,0.0,47,17.5,47,17.5,1.6305,-15.1,0:02:04
2025-07-25,0,646,0.0,58,23.4,58,23.4,3.5816,119.7,0:03:42
2025-07-26,0,646,0.0,51,-12.1,53,-8.6,2.3993,-33.0,0:02:49
2025-07-27,0,646,0.0,46,-9.8,51,-3.8,2.1066,-12.2,0:02:44
2025-07-28,0,646,0.0,39,-15.2,39,-23.5,1.8236,-13.4,0:02:48
2025-07-29,0,646,0.0,54,38.5,57,46.2,2.5502,39.8,0:02:49
2025-07-30,1,647,0.2,57,5.6,61,7.0,2.7865,9.3,0:02:55
2025-07-31,1,648,0.2,54,-5.3,54,-11.5,2.5205,-9.5,0:02:48
2025-08-01,0,648,0.0,54,0.0,54,0.0,1.8794,-25.4,0:02:05
2025-08-02,0,648,0.0,37,-31.5,37,-31.5,1.8704,-0.5,0:03:01
2025-08-03,1,649,0.2,48,29.7,49,32.4,2.3915,27.9,0:02:59
2025-08-04,0,649,0.0,50,4.2,52,6.1,2.1033,-12.1,0:02:31
2025-08-05,1,650,0.2,65,30.0,65,25.0,4.5462,116.1,0:04:11
2025-08-06,0,650,0.0,54,-16.9,55,-15.4,2.9505,-35.1,0:03:16
2025-08-07,0,650,0.0,50,-7.4,52,-5.5,2.988,1.3,0:03:35
2025-08-08,0,650,0.0,51,2.0,51,-1.9,1.4862,-50.3,0:01:44
2025-08-09,-1,649,-0.2,51,0.0,53,3.9,2.0123,35.4,0:02:21
2025-08-10,1,650,0.2,32,-37.3,35,-34.0,1.5535,-22.8,0:02:54
2025-08-11,0,650,0.0,46,43.8,47,34.3,1.9035,22.5,0:02:28
2025-08-12,0,650,0.0,56,21.7,56,19.1,2.7437,44.1,0:02:56
2025-08-13,0,650,0.0,47,-16.1,54,-3.6,1.7035,-37.9,0:02:10
2025-08-14,0,650,0.0,63,34.0,67,24.1,2.3379,37.2,0:02:13
2025-08-15,1,651,0.2,40,-36.5,42,-37.3,1.3939,-40.4,0:02:05
2025-08-16,0,651,0.0,42,5.0,42,0.0,1.2293,-11.8,0:01:45
2025-08-17,0,651,0.0,39,-7.1,40,-4.8,2.7939,127.3,0:04:17
2025-08-18,-1,650,-0.2,55,41.0,56,40.0,2.3779,-14.9,0:02:35
2025-08-19,0,650,0.0,50,-9.1,53,-5.4,2.0196,-15.1,0:02:25
2025-08-20,0,650,0.0,53,6.0,53,0.0,2.0006,-0.9,0:02:15
2025-08-21,0,650,0.0,71,34.0,72,35.8,3.1326,56.6,0:02:38
2025-08-22,0,650,0.0,48,-32.4,49,-31.9,1.8213,-41.9,0:02:16
2025-08-23,1,651,0.2,62,29.2,63,28.6,2.3315,28.0,0:02:15
2025-08-24,0,651,0.0,50,-19.4,56,-11.1,1.5079,-35.3,0:01:48
2025-08-25,0,651,0.0,24,-52.0,24,-57.1,0.7739,-48.7,0:01:56
2025-08-26,0,651,0.0,39,62.5,40,66.7,1.6349,111.3,0:02:30
2025-08-27,0,651,0.0,52,33.3,52,30.0,2.3767,45.4,0:02:44
2025-08-28,0,651,0.0,40,-23.1,40,-23.1,1.6581,-30.2,0:02:29
2025-08-29,0,651,0.0,44,10.0,44,10.0,2.134,28.7,0:02:54
2025-08-30,1,652,0.2,29,-34.1,29,-34.1,1.2025,-43.7,0:02:29
2025-08-31,0,652,0.0,36,24.1,36,24.1,1.6485,37.1,0:02:44
2025-09-01,0,652,0.0,40,11.1,41,13.9,1.8347,11.3,0:02:45
2025-09-02,0,652,0.0,46,15.0,47,14.6,2.5375,38.3,0:03:18
2025-09-03,0,652,0.0,28,-39.1,34,-27.7,0.6435,-74.6,0:01:22
2025-09-04,0,652,0.0,30,7.1,30,-11.8,0.8421,30.9,0:01:41
2025-09-05,0,652,0.0,48,60.0,51,70.0,1.7123,103.3,0:02:08
2025-09-06,0,652,0.0,60,25.0,60,17.6,2.7976,63.4,0:02:47
2025-09-07,0,652,0.0,49,-18.3,50,-16.7,2.3271,-16.8,0:02:50
2025-09-08,1,653,0.2,41,-16.3,41,-18.0,1.9577,-15.9,0:02:51
2025-09-09,0,653,0.0,49,19.5,52,26.8,2.2313,14.0,0:02:43
2025-09-10,1,654,0.2,27,-44.9,27,-48.1,1.0734,-51.9,0:02:23
2025-09-11,0,654,0.0,41,51.9,42,55.6,1.4467,34.8,0:02:06
2025-09-12,0,654,0.0,25,-39.0,26,-38.1,0.7674,-47.0,0:01:50
2025-09-13,0,654,0.0,30,20.0,30,15.4,1.2418,61.8,0:02:29
2025-09-14,0,654,0.0,46,53.3,46,53.3,1.3512,8.8,0:01:45
2025-09-15,0,654,0.0,46,0.0,46,0.0,1.8051,33.6,0:02:21
2025-09-16,0,654,0.0,59,28.3,59,28.3,2.4757,37.2,0:02:31
2025-09-17,0,654,0.0,54,-8.5,54,-8.5,1.496,-39.6,0:01:39
2025-09-18,0,654,0.0,73,35.2,73,35.2,1.8932,26.6,0:01:33
2025-09-19,0,654,0.0,98,34.2,101,38.4,2.9306,54.8,0:01:47
2025-09-20,1,655,0.2,143,45.9,143,41.6,5.2924,80.6,0:02:13
2025-09-21,0,655,0.0,66,-53.8,66,-53.8,1.2654,-76.1,0:01:09
2025-09-22,2,657,0.3,320,384.8,982,1387.9,3.9424,211.6,0:00:41
2025-09-23,0,657,0.0,44,-86.3,48,-95.1,1.4478,-63.3,0:01:58
2025-09-24,0,657,0.0,52,18.2,52,8.3,1.2974,-10.4,0:01:29
2025-09-25,0,657,0.0,48,-7.7,49,-5.8,1.7106,31.8,0:02:08
2025-09-26,0,657,0.0,41,-14.6,41,-16.3,1.7132,0.2,0:02:30
2025-09-27,2,659,0.3,1737,4136.6,3490,8412.2,9.7255,467.7,0:00:18
2025-09-28,1,660,0.2,1329,-23.5,2318,-33.6,7.4887,-23.0,0:00:19
2025-09-29,4,664,0.6,2693,102.6,4912,111.9,28.0662,274.8,0:00:36
2025-09-30,37,701,5.6,2632,-2.3,4288,-12.7,29.9531,6.7,0:00:40
2025-10-01,6,707,0.9,538,-79.6,946,-77.9,6.1863,-79.3,0:00:40
2025-10-02,20,727,2.8,413,-23.2,726,-23.3,5.6922,-8.0,0:00:48
2025-10-03,5,732,0.7,1751,324.0,3214,342.7,15.3012,168.8,0:00:30
2025-10-04,6,738,0.8,395,-77.4,787,-75.5,5.5781,-63.5,0:00:49
2025-10-05,25,763,3.4,82,-79.2,117,-85.1,2.3988,-57.0,0:01:44
2025-10-06,-1,762,-0.1,82,0.0,96,-17.9,1.9235,-19.8,0:01:24
2025-10-07,0,762,0.0,71,-13.4,100,4.2,3.7929,97.2,0:03:11
2025-10-08,0,762,0.0,60,-15.5,70,-30.0,2.5059,-33.9,0:02:30
2025-10-09,0,762,0.0,44,-26.7,59,-15.7,2.0499,-18.2,0:02:47
2025-10-10,0,762,0.0,92,109.1,180,205.1,2.4705,20.5,0:01:35
2025-10-11,0,762,0.0,57,-38.0,75,-58.3,2.0451,-17.2,0:02:08
2025-10-12,0,762,0.0,85,49.1,167,122.7,2.8539,39.5,0:01:59
2025-10-13,0,762,0.0,53,-37.6,67,-59.9,1.8782,-34.2,0:02:07
2025-10-14,1,763,0.1,88,66.0,100,49.3,3.1165,65.9,0:02:07
2025-10-15,0,763,0.0,63,-28.4,71,-29.0,1.8297,-41.3,0:01:44
2025-10-16,0,763,0.0,69,9.5,77,8.5,2.0701,13.1,0:01:47
2025-10-17,0,763,0.0,57,-17.4,66,-14.3,2.5193,21.7,0:02:38
2025-10-18,-2,761,-0.3,43,-24.6,55,-16.7,1.8454,-26.7,0:02:34
2025-10-19,-1,760,-0.1,63,46.5,72,30.9,2.7559,49.3,0:02:37
2025-10-20,0,760,0.0,86,36.5,152,111.1,2.9165,5.8,0:02:00
2025-10-21,0,760,0.0,35,-59.3,46,-69.7,1.4411,-50.6,0:02:27
2025-10-22,0,760,0.0,55,57.1,59,28.3,2.386,65.6,0:02:36
2025-10-23,0,760,0.0,44,-20.0,46,-22.0,2.123,-11.0,0:02:53
2025-10-24,0,760,0.0,41,-6.8,48,4.3,1.4329,-32.5,0:02:05
2025-10-25,0,760,0.0,220,436.6,463,864.6,3.8477,168.5,0:01:01
2025-10-26,0,760,0.0,63,-71.4,81,-82.5,2.1326,-44.6,0:02:01
2025-10-27,0,760,0.0,57,-9.5,71,-12.3,2.0527,-3.7,0:02:09
2025-10-28,-1,759,-0.1,42,-26.3,48,-32.4,2.5286,23.2,0:03:36
2025-10-29,1,760,0.1,46,9.5,49,2.1,2.319,-8.3,0:03:01
2025-10-30,-1,759,-0.1,48,4.3,50,2.0,2.0724,-10.6,0:02:35
2025-10-31,0,759,0.0,44,-8.3,49,-2.0,2.426,17.1,0:03:18
2025-11-01,0,759,0.0,41,-6.8,44,-10.2,2.3087,-4.8,0:03:22
2025-11-02,0,759,0.0,43,4.9,51,15.9,1.9907,-13.8,0:02:46
2025-11-03,0,759,0.0,33,-23.3,39,-23.5,1.882,-5.5,0:03:25
2025-11-04,0,759,0.0,60,81.8,62,59.0,2.7113,44.1,0:02:42
2025-11-05,0,759,0.0,22,-63.3,34,-45.2,1.1353,-58.1,0:03:05
2025-11-06,-1,758,-0.1,43,95.5,46,35.3,2.1179,86.5,0:02:57
2025-11-07,0,758,0.0,50,16.3,50,8.7,2.185,3.2,0:02:37
2025-11-08,0,758,0.0,44,-12.0,51,2.0,1.8291,-16.3,0:02:29
2025-11-09,1,759,0.1,43,-2.3,44,-13.7,1.984,8.5,0:02:46
2025-11-10,0,759,0.0,39,-9.3,41,-6.8,2.5696,29.5,0:03:57
2025-11-11,0,759,0.0,43,10.3,49,19.5,1.983,-22.8,0:02:45
2025-11-12,1,760,0.1,48,11.6,50,2.0,2.3422,18.1,0:02:55
2025-11-13,1,761,0.1,581,1110.4,1774,3448.0,4.8589,107.5,0:00:27
2025-11-14,0,761,0.0,61,-89.5,80,-95.5,2.3626,-51.4,0:02:19
2025-11-15,0,761,0.0,46,-24.6,50,-37.5,2.3453,-0.7,0:03:03
2025-11-16,0,761,0.0,47,2.2,52,4.0,2.5301,7.9,0:03:13
2025-11-17,1,762,0.1,51,8.5,58,11.5,2.3199,-8.3,0:02:43
2025-11-18,0,762,0.0,55,7.8,60,3.4,3.2093,38.3,0:03:30
2025-11-19,2,764,0.3,1559,2734.5,2987,4878.3,8.4768,164.1,0:00:18
2025-11-20,5,769,0.7,1498,-3.9,3328,11.4,8.9841,6.0,0:00:20
2025-11-21,-1,768,-0.1,398,-73.4,674,-79.7,3.4567,-61.5,0:00:30
2025-11-22,0,768,0.0,379,-4.8,623,-7.6,4.2905,24.1,0:00:40
2025-11-23,0,768,0.0,359,-5.3,626,0.5,3.8157,-11.1,0:00:37
2025-11-24,-1,767,-0.1,146,-59.3,243,-61.2,2.4569,-35.6,0:01:00
2025-11-25,1,768,0.1,803,450.0,1514,523.0,7.5597,207.7,0:00:32
2025-11-26,0,768,0.0,80,-90.0,121,-92.0,2.8438,-62.4,0:02:07
2025-11-27,0,768,0.0,55,-31.3,75,-38.0,1.8479,-35.0,0:02:00
2025-11-28,0,768,0.0,65,18.2,76,1.3,3.2674,76.8,0:03:00
2025-11-29,1,769,0.1,47,-27.7,58,-23.7,2.3269,-28.8,0:02:57
2025-11-30,0,769,0.0,73,55.3,83,43.1,2.293,-1.5,0:01:52
2025-12-01,0,769,0.0,41,-43.8,47,-43.4,1.937,-15.5,0:02:49
2025-12-02,-1,768,-0.1,33,-19.5,34,-27.7,1.9834,2.4,0:03:36
2025-12-03,0,768,0.0,37,12.1,44,29.4,1.6409,-17.3,0:02:39
2025-12-04,0,768,0.0,37,0.0,44,0.0,2.1985,34.0,0:03:33
2025-12-05,0,768,0.0,31,-16.2,44,0.0,1.6852,-23.3,0:03:15
2025-12-06,0,768,0.0,47,51.6,55,25.0,2.3981,42.3,0:03:03
2025-12-07,0,768,0.0,92,95.7,142,158.2,2.7249,13.6,0:01:45
2025-12-08,0,768,0.0,528,473.9,1076,657.7,4.1725,53.1,0:00:27
2025-12-09,0,768,0.0,59,-88.8,65,-94.0,4.1016,-1.7,0:04:10
2025-12-10,0,768,0.0,61,3.4,80,23.1,1.9596,-52.2,0:01:55
2025-12-11,1,769,0.1,363,495.1,803,903.8,4.0268,105.5,0:00:38
2025-12-12,0,769,0.0,271,-25.3,457,-43.1,2.8663,-28.8,0:00:36
2025-12-13,0,769,0.0,39,-85.6,42,-90.8,1.3842,-51.7,0:02:07
2025-12-14,0,769,0.0,39,0.0,51,21.4,1.2188,-11.9,0:01:52
2025-12-15,1,770,0.1,627,1507.7,1064,1986.3,9.7952,703.7,0:00:55
2025-12-16,0,770,0.0,55,-91.2,59,-94.5,1.822,-81.4,0:01:59
2025-12-17,-1,769,-0.1,52,-5.5,62,5.1,1.7568,-3.6,0:02:01
2025-12-18,0,769,0.0,47,-9.6,60,-3.2,1.6758,-4.6,0:02:08
2025-12-19,0,769,0.0,52,10.6,59,-1.7,2.1769,29.9,0:02:30
2025-12-20,0,769,0.0,48,-7.7,59,0.0,2.6226,20.5,0:03:16
2025-12-21,0,769,0.0,601,1152.1,1056,1689.8,5.774,120.2,0:00:33
2025-12-22,1,770,0.1,107,-82.2,150,-85.8,2.8833,-50.1,0:01:36
2025-12-23,0,770,0.0,51,-52.3,63,-58.0,2.6965,-6.5,0:03:10
2025-12-24,-1,769,-0.1,51,0.0,68,7.9,1.3349,-50.5,0:01:34
2025-12-25,0,769,0.0,45,-11.8,54,-20.6,1.3037,-2.3,0:01:44
2025-12-26,0,769,0.0,43,-4.4,54,0.0,1.7701,35.8,0:02:28
2025-12-27,1,770,0.1,30,-30.2,39,-27.8,1.1181,-36.8,0:02:13
2025-12-28,-1,769,-0.1,2729,8996.7,5732,14597.4,8.6681,675.3,0:00:10
2025-12-29,7,776,0.9,12210,347.4,25388,342.9,38.0518,339.0,0:00:10
2025-12-30,1,777,0.1,907,-92.6,2422,-90.5,5.5266,-85.5,0:00:20
2025-12-31,0,777,0.0,241,-73.4,521,-78.5,2.5475,-53.9,0:00:37
2026-01-01,0,777,0.0,305,26.6,686,31.7,2.6336,3.4,0:00:30
2026-01-02,0,777,0.0,118,-61.3,227,-66.9,1.889,-28.3,0:00:57
2026-01-03,0,777,0.0,48,-59.3,86,-62.1,1.1499,-39.1,0:01:26
2026-01-04,-1,776,-0.1,52,8.3,75,-12.8,1.9449,69.1,0:02:14
2026-01-05,0,776,0.0,39,-25.0,52,-30.7,1.8292,-5.9,0:02:48
2026-01-06,0,776,0.0,45,15.4,59,13.5,2.1359,16.8,0:02:50
2026-01-07,0,776,0.0,43,-4.4,60,1.7,1.671,-21.8,0:02:19
2026-01-08,0,776,0.0,45,4.7,55,-8.3,1.6574,-0.8,0:02:12
2026-01-09,-1,775,-0.1,48,6.7,56,1.8,1.8888,14.0,0:02:21
2026-01-10,0,775,0.0,52,8.3,69,23.2,2.147,13.7,0:02:28
2026-01-11,0,775,0.0,48,-7.7,56,-18.8,2.969,38.3,0:03:42
2026-01-12,-1,774,-0.1,53,10.4,67,19.6,2.4962,-15.9,0:02:49
2026-01-13,0,774,0.0,60,13.2,86,28.4,3.4415,37.9,0:03:26
2026-01-14,0,774,0.0,56,-6.7,75,-12.8,2.7015,-21.5,0:02:53
2026-01-15,0,774,0.0,51,-8.9,59,-21.3,2.6418,-2.2,0:03:06
2026-01-16,0,774,0.0,66,29.4,73,23.7,4.1122,55.7,0:03:44
2026-01-17,0,774,0.0,62,-6.1,67,-8.2,4.1115,0.0,0:03:58
2026-01-18,0,774,0.0,53,-14.5,90,34.3,2.585,-37.1,0:02:50
2026-01-19,0,774,0.0,86,62.3,150,66.7,5.001,93.5,0:03:21
2026-01-20,0,774,0.0,190,120.9,234,56.0,8.2455,64.9,0:02:32
2026-01-21,0,774,0.0,168,-11.6,265,13.2,7.28,-11.7,0:02:31
2026-01-22,0,774,0.0,451,168.5,715,169.8,20.2383,178.0,0:02:33
2026-01-23,0,774,0.0,267,-40.8,492,-31.2,10.6455,-47.4,0:02:14
2026-01-24,0,774,0.0,370,38.6,604,22.8,15.6593,47.1,0:02:24
2026-01-25,1,775,0.1,305,-17.6,521,-13.7,11.9447,-23.7,0:02:11
2026-01-26,4,779,0.5,291,-4.6,437,-16.1,15.2981,28.1,0:03:02
2026-01-27,4,783,0.5,156,-46.4,198,-54.7,7.7869,-49.1,0:02:56
2026-01-28,4,787,0.5,150,-3.8,156,-21.2,4.2028,-46.0,0:01:40
2026-01-29,2,789,0.3,168,12.0,181,16.0,5.0579,20.3,0:01:47
2026-01-30,1,790,0.1,246,46.4,324,79.0,10.0002,97.7,0:02:22
2026-01-31,2,792,0.3,172,-30.1,198,-38.9,7.0896,-29.1,0:02:26
2026-02-01,-2,790,-0.3,195,13.4,224,13.1,6.2126,-12.4,0:01:52
2026-02-02,0,790,0.0,283,45.1,418,86.6,12.4627,100.6,0:02:31
2026-02-03,0,790,0.0,195,-31.1,242,-42.1,7.2528,-41.8,0:02:10
2026-02-04,0,790,0.0,236,21.0,311,28.5,9.4869,30.8,0:02:20
2026-02-05,0,790,0.0,194,-17.8,269,-13.5,6.9662,-26.6,0:02:04
2026-02-06,1,791,0.1,127,-34.5,144,-46.5,4.34,-37.7,0:02:01
2026-02-07,0,791,0.0,120,-5.5,141,-2.1,5.2074,20.0,0:02:35
2026-02-08,-1,790,-0.1,138,15.0,144,2.1,4.2983,-17.5,0:01:52
2026-02-09,0,790,0.0,153,10.9,171,18.8,5.2452,22.0,0:02:01
2026-02-10,0,790,0.0,95,-37.9,118,-31.0,4.9733,-5.2,0:03:05
2026-02-11,0,790,0.0,109,14.7,123,4.2,3.7954,-23.7,0:02:04
2026-02-12,0,790,0.0,127,16.5,143,16.3,3.3989,-10.4,0:01:34
2026-02-13,0,790,0.0,88,-30.7,106,-25.9,4.586,34.9,0:03:06
2026-02-14,1,791,0.1,108,22.7,123,16.0,3.9939,-12.9,0:02:12
2026-02-15,0,791,0.0,90,-16.7,117,-4.9,4.6107,15.4,0:03:01
2026-02-16,0,791,0.0,71,-21.1,84,-28.2,2.6958,-41.5,0:02:15
2026-02-17,0,791,0.0,52,-26.8,60,-28.6,2.0482,-24.0,0:02:21
2026-02-18,0,791,0.0,44,-15.4,57,-5.0,2.7012,31.9,0:03:40
2026-02-19,0,791,0.0,55,25.0,58,1.8,2.6191,-3.0,0:02:51
2026-02-20,0,791,0.0,33,-40.0,38,-34.5,1.532,-41.5,0:02:47
2026-02-21,0,791,0.0,40,21.2,45,18.4,2.7319,78.3,0:04:05
2026-02-22,0,791,0.0,44,10.0,50,11.1,3.039,11.2,0:04:08
2026-02-23,0,791,0.0,42,-4.5,53,6.0,2.0034,-34.1,0:02:51
2026-02-24,0,791,0.0,37,-11.9,44,-17.0,1.2693,-36.6,0:02:03
2026-02-25,0,791,0.0,36,-2.7,39,-11.4,2.1235,67.3,0:03:32
2026-02-26,0,791,0.0,60,66.7,74,89.7,3.187,50.1,0:03:11
2026-02-27,0,791,0.0,54,-10.0,64,-13.5,2.6541,-16.7,0:02:56
2026-02-28,0,791,0.0,50,-7.4,64,0.0,2.9018,9.3,0:03:28
2026-03-01,-1,790,-0.1,53,6.0,58,-9.4,3.4395,18.5,0:03:53
2026-03-02,1,791,0.1,47,-11.3,54,-6.9,2.5367,-26.2,0:03:14
2026-03-03,-1,790,-0.1,38,-19.1,45,-16.7,2.0205,-20.3,0:03:11
2026-03-04,0,790,0.0,42,10.5,51,13.3,2.1999,8.9,0:03:08
2026-03-05,0,790,0.0,50,19.0,57,11.8,2.0351,-7.5,0:02:26
2026-03-06,0,790,0.0,53,6.0,66,15.8,3.1043,52.5,0:03:30
2026-03-07,1,791,0.1,77,45.3,97,47.0,3.8728,24.8,0:03:00
2026-03-08,0,791,0.0,57,-26.0,72,-25.8,2.8623,-26.1,0:03:00
2026-03-09,0,791,0.0,61,7.0,83,15.3,2.6923,-5.9,0:02:36
2026-03-10,0,791,0.0,89,45.9,123,48.2,4.1439,53.9,0:02:44
2026-03-11,0,791,0.0,153,71.9,250,103.3,6.5404,57.8,0:02:29
2026-03-12,0,791,0.0,140,-8.5,197,-21.2,3.8544,-41.1,0:01:37
2026-03-13,0,791,0.0,145,3.6,173,-12.2,4.3217,12.1,0:01:46
2026-03-14,0,791,0.0,130,-10.3,142,-17.9,5.7454,32.9,0:02:38
2026-03-15,0,791,0.0,117,-10.0,124,-12.7,3.1482,-45.2,0:01:36
2026-03-16,0,791,0.0,93,-20.5,115,-7.3,3.5596,13.1,0:02:16
2026-03-17,0,791,0.0,75,-19.4,133,15.7,2.2635,-36.4,0:01:41
2026-03-18,0,791,0.0,114,52.0,154,15.8,3.6534,61.4,0:01:53
2026-03-19,0,791,0.0,110,-3.5,147,-4.5,3.1143,-14.8,0:01:40
2026-03-20,0,791,0.0,105,-4.5,125,-15.0,3.0889,-0.8,0:01:44
2026-03-21,0,791,0.0,120,14.3,143,14.4,4.7991,55.4,0:02:22
2026-03-22,0,791,0.0,110,-8.3,149,4.2,3.618,-24.6,0:01:55
2026-03-23,0,791,0.0,94,-14.5,108,-27.5,5.1074,41.2,0:03:14
2026-03-24,0,791,0.0,73,-22.3,88,-18.5,2.934,-42.6,0:02:24
2026-03-25,0,791,0.0,49,-32.9,63,-28.4,2.1452,-26.9,0:02:37
2026-03-26,-1,790,-0.1,73,49.0,88,39.7,3.7883,76.6,0:03:06
2026-03-27,0,790,0.0,89,21.9,120,36.4,5.4187,43.0,0:03:38
2026-03-28,0,790,0.0,71,-20.2,87,-27.5,3.5931,-33.7,0:03:01
2026-03-29,0,790,0.0,64,-9.9,78,-10.3,3.8584,7.4,0:03:36
2026-03-30,0,790,0.0,64,0.0,87,11.5,6.0024,55.6,0:05:37
2026-03-31,0,790,0.0,50,-21.9,60,-31.0,2.6585,-55.7,0:03:11
2026-04-01,1,791,0.1,82,64.0,98,63.3,3.8532,44.9,0:02:49
2026-04-02,0,791,0.0,63,-23.2,81,-17.3,3.5832,-7.0,0:03:24
2026-04-03,0,791,0.0,53,-15.9,67,-17.3,2.4233,-32.4,0:02:44
2026-04-04,1,792,0.1,39,-26.4,46,-31.3,2.2233,-8.3,0:03:25
2026-04-05,0,792,0.0,48,23.1,56,21.7,2.8016,26.0,0:03:29
2026-04-06,0,792,0.0,77,60.4,103,83.9,4.2516,51.8,0:03:18
2026-04-07,0,792,0.0,72,-6.5,79,-23.3,4.1708,-1.9,0:03:28
2026-04-08,0,792,0.0,56,-22.2,64,-19.0,3.0019,-28.0,0:03:12
2026-04-09,0,792,0.0,57,1.8,62,-3.1,2.5761,-14.2,0:02:42
2026-04-10,0,792,0.0,62,8.8,77,24.2,2.8114,9.1,0:02:43
2026-04-11,-1,791,-0.1,66,6.5,77,0.0,4.2084,49.7,0:03:49
2026-04-12,0,791,0.0,81,22.7,93,20.8,6.131,45.7,0:04:32
2026-04-13,0,791,0.0,65,-19.8,74,-20.4,3.1847,-48.1,0:02:56
2026-04-14,0,791,0.0,54,-16.9,63,-14.9,2.5783,-19.0,0:02:51
2026-04-15,0,791,0.0,59,9.3,70,11.1,2.938,14.0,0:02:59
2026-04-16,0,791,0.0,97,64.4,152,117.1,2.49,-15.2,0:01:32
2026-04-17,0,791,0.0,55,-43.3,62,-59.2,2.6518,6.5,0:02:53
2026-04-18,0,791,0.0,73,32.7,83,33.9,4.3282,63.2,0:03:33
2026-04-19,0,791,0.0,66,-9.6,88,6.0,3.7496,-13.4,0:03:24
2026-04-20,0,791,0.0,56,-15.2,63,-28.4,2.7011,-28.0,0:02:53
2026-04-21,13,804,1.6,118,110.7,127,101.6,3.8371,42.1,0:01:56
2026-04-22,8,812,1.0,97,-17.8,121,-4.7,2.1625,-43.6,0:01:20
2026-04-23,11,823,1.4,137,41.2,151,24.8,3.1999,48.0,0:01:24
2026-04-24,24,847,2.9,172,25.5,202,33.8,5.1567,61.2,0:01:47
2026-04-25,16,863,1.9,177,2.9,202,0.0,3.755,-27.2,0:01:16
2026-04-26,20,883,2.3,219,23.7,232,14.9,5.2579,40.0,0:01:26
2026-04-27,31,914,3.5,195,-11.0,210,-9.5,3.8261,-27.2,0:01:10
2026-04-28,25,939,2.7,201,3.1,212,1.0,4.0998,7.2,0:01:13
2026-04-29,10,949,1.1,220,9.5,240,13.2,5.454,33.0,0:01:29
2026-04-30,23,972,2.4,233,5.9,266,10.8,4.0671,-25.4,0:01:02
2026-05-01,23,995,2.4,231,-0.9,258,-3.0,4.6356,14.0,0:01:12
2026-05-02,26,1021,2.6,219,-5.2,239,-7.4,3.5948,-22.5,0:00:59
2026-05-03,35,1056,3.4,213,-2.7,243,1.7,2.9919,-16.8,0:00:50
2026-05-04,28,1084,2.7,172,-19.2,190,-21.8,2.9731,-0.6,0:01:02
2026-05-05,14,1098,1.3,149,-13.4,157,-17.4,4.3405,46.0,0:01:44
2026-05-06,-1,1097,-0.1,70,-53.0,92,-41.4,2.8345,-34.7,0:02:25
2026-05-07,-1,1096,-0.1,62,-11.4,78,-15.2,2.1246,-25.0,0:02:03
2026-05-08,0,1096,0.0,80,29.0,87,11.5,4.0725,91.7,0:03:03
2026-05-09,12,1108,1.1,176,120.0,207,137.9,2.9479,-27.6,0:01:00
2026-05-10,10,1118,0.9,111,-36.9,126,-39.1,4.7559,61.3,0:02:34
2026-05-11,12,1130,1.1,146,31.5,157,24.6,2.5828,-45.7,0:01:03
2026-05-12,27,1157,2.4,189,29.5,206,31.2,3.7981,47.1,0:01:12
2026-05-13,20,1177,1.7,211,11.6,222,7.8,6.29,65.6,0:01:47
2026-05-14,31,1208,2.6,189,-10.4,207,-6.8,3.9164,-37.7,0:01:14
2026-05-15,30,1238,2.5,198,4.8,206,-0.5,2.9635,-24.3,0:00:53
2026-05-16,33,1271,2.7,791,299.5,1557,655.8,5.3711,81.2,0:00:23
2026-05-17,17,1288,1.3,206,-74.0,232,-85.1,2.7137,-49.5,0:00:47
2026-05-18,33,1321,2.6,218,5.8,235,1.3,3.7738,39.1,0:01:02
2026-05-19,37,1358,2.8,189,-13.3,202,-14.0,2.9287,-22.4,0:00:55
2026-05-20,44,1402,3.2,198,4.8,209,3.5,3.9276,34.1,0:01:11
2026-05-21,31,1433,2.2,207,4.5,223,6.7,4.993,27.1,0:01:26
2026-05-22,22,1455,1.5,212,2.4,227,1.8,3.5576,-28.7,0:01:00
2026-05-23,12,1467,0.8,147,-30.7,166,-26.9,3.1154,-12.4,0:01:16
2026-05-24,5,1472,0.3,116,-21.1,135,-18.7,3.3414,7.3,0:01:43
2026-05-25,23,1495,1.6,193,66.4,205,51.9,3.0383,-9.1,0:00:56
2026-05-26,22,1517,1.5,156,-19.2,167,-18.5,1.9843,-34.7,0:00:45
2026-05-27,23,1540,1.5,184,17.9,207,24.0,3.4703,74.9,0:01:07
2026-05-28,26,1566,1.7,187,1.6,202,-2.4,4.0394,16.4,0:01:17
2026-05-29,30,1596,1.9,178,-4.8,197,-2.5,3.063,-24.2,0:01:01
2026-05-30,21,1617,1.3,189,6.2,198,0.5,3.0252,-1.2,0:00:57
2026-05-31,26,1643,1.6,172,-9.0,181,-8.6,3.2741,8.2,0:01:08
2026-06-01,16,1659,1.0,181,5.2,189,4.4,3.2798,0.2,0:01:05
2026-06-02,26,1685,1.6,177,-2.2,183,-3.2,3.5169,7.2,0:01:11
2026-06-03,33,1718,2.0,176,-0.6,197,7.7,3.4488,-1.9,0:01:10
2026-06-04,23,1741,1.3,223,26.7,239,21.3,3.1126,-9.7,0:00:50
2026-06-05,23,1764,1.3,184,-17.5,194,-18.8,3.9483,26.8,0:01:17
2026-06-06,17,1781,1.0,188,2.2,207,6.7,3.618,-8.4,0:01:09
2026-06-07,32,1813,1.8,211,12.2,224,8.2,4.6245,27.8,0:01:18
2026-06-08,11,1824,0.6,125,-40.8,133,-40.6,3.5308,-23.7,0:01:41
2026-06-09,-2,1822,-0.1,49,-60.8,61,-54.1,2.3948,-32.2,0:02:55
2026-06-10,3,1825,0.2,638,1202.0,1657,2616.4,5.7431,139.8,0:00:30
2026-06-11,0,1825,0.0,67,-89.5,80,-95.2,2.258,-60.7,0:02:01
2026-06-12,-1,1824,-0.1,65,-3.0,85,6.3,2.5489,12.9,0:02:20
2026-06-13,0,1824,0.0,62,-4.6,87,2.4,1.0908,-57.2,0:01:02
2026-06-14,0,1824,0.0,64,3.2,100,14.9,1.7922,64.3,0:01:40
2026-06-15,-1,1823,-0.1,76,18.8,103,3.0,3.1887,77.9,0:02:30
2026-06-16,-2,1821,-0.1,204,168.4,844,719.4,3.7383,17.2,0:01:02
2026-06-17,0,1821,0.0,110,-46.1,203,-75.9,2.3047,-38.3,0:01:14
2026-06-18,-1,1820,-0.1,630,472.7,1225,503.4,4.5066,95.5,0:00:24
2026-06-19,0,1820,0.0,84,-86.7,124,-89.9,2.3994,-46.8,0:01:42
2026-06-20,0,1820,0.0,99,17.9,138,11.3,2.4896,3.8,0:01:29
2026-06-21,-1,1819,-0.1,67,-32.3,100,-27.5,1.9046,-23.5,0:01:41
2026-06-22,-1,1818,-0.1,64,-4.5,82,-18.0,2.051,7.7,0:01:55
2026-06-23,0,1818,0.0,96,50.0,107,30.5,2.9592,44.3,0:01:50
2026-06-24,0,1818,0.0,95,-1.0,110,2.8,4.4177,49.3,0:02:47
2026-06-25,-2,1816,-0.1,70,-26.3,82,-25.5,2.0269,-54.1,0:01:44
2026-06-26,0,1816,0.0,60,-14.3,77,-6.1,1.8687,-7.8,0:01:51
2026-06-27,-1,1815,-0.1,68,13.3,95,23.4,3.0193,61.6,0:02:39
2026-06-28,-1,1814,-0.1,61,-10.3,69,-27.4,2.0731,-31.3,0:02:02
2026-06-29,0,1814,0.0,61,0.0,80,15.9,2.396,15.6,0:02:21
2026-06-30,-1,1813,-0.1,73,19.7,92,15.0,2.7999,16.9,0:02:17
2026-07-01,0,1813,0.0,597,717.8,1541,1575.0,5.1866,85.2,0:00:28
2026-07-02,0,1813,0.0,82,-86.3,101,-93.4,2.4861,-52.1,0:01:48
2026-07-03,0,1813,0.0,54,-34.1,69,-31.7,1.6716,-32.8,0:01:50
2026-07-04,0,1813,0.0,62,14.8,74,7.2,3.3005,97.4,0:03:11
2026-07-05,0,1813,0.0,68,9.7,82,10.8,2.9535,-10.5,0:02:36
2026-07-06,-1,1812,-0.1,58,-14.7,75,-8.5,2.285,-22.6,0:02:21
2026-07-07,-1,1811,-0.1,79,36.2,93,24.0,2.6716,16.9,0:02:01
2026-07-08,0,1811,0.0,87,10.1,96,3.2,3.7928,42.0,0:02:36
2026-07-09,0,1811,0.0,56,-35.6,66,-31.3,2.1842,-42.4,0:02:20
2026-07-10,59,1870,3.3,233,316.1,235,256.1,2.8939,32.5,0:00:44
2026-07-11,65,1935,3.5,295,26.6,319,35.7,4.5095,55.8,0:00:54
2026-07-12,41,1976,2.1,302,2.4,315,-1.3,3.8702,-14.2,0:00:46
2026-07-13,60,2036,3.0,356,17.9,362,14.9,4.0718,5.2,0:00:41
2026-07-14,59,2095,2.9,293,-17.7,301,-16.9,3.0112,-26.0,0:00:36
2026-07-15,74,2169,3.5,401,36.9,408,35.5,4.9006,62.7,0:00:43
2026-07-16,55,2224,2.5,420,4.7,424,3.9,4.7454,-3.2,0:00:40
2026-07-17,69,2293,3.1,348,-17.1,362,-14.6,5.3426,12.6,0:00:55
2026-07-18,69,2362,3.0,343,-1.4,356,-1.7,8.9248,67.0,0:01:33
2026-07-19,76,2438,3.2,322,-6.1,335,-5.9,4.7807,-46.4,0:00:53
2026-07-20,74,2512,3.0,290,-9.9,309,-7.8,4.9081,2.7,0:01:00
2026-07-21,20,2532,0.8,157,-45.9,168,-45.6,2.429,-50.5,0:00:55
2026-07-22,18,2550,0.7,162,3.2,181,7.7,2.4963,2.8,0:00:55
2026-07-23,14,2564,0.5,123,-24.1,138,-23.8,3.0855,23.6,0:01:30
2026-07-24,19,2583,0.7,157,27.6,173,25.4,3.7224,20.6,0:01:25
2026-07-25,18,2601,0.7,134,-14.6,148,-14.5,3.2724,-12.1,0:01:27
2026-07-26,10,2611,0.4,143,6.7,157,6.1,3.6079,10.3,0:01:30
2026-07-27,18,2629,0.7,143,0.0,155,-1.3,2.199,-39.1,0:00:55
2026-07-28,25,2654,1.0,121,-15.4,134,-13.5,2.4483,11.3,0:01:12
2026-07-29,9,2663,0.3,106,-12.4,113,-15.7,2.7928,14.1,0:01:34
2026-07-30,25,2688,0.9,152,43.4,165,46.0,5.112,83.0,0:02:00
2026-07-31,17,2705,0.6,146,-3.9,152,-7.9,2.8989,-43.3,0:01:11
2026-08-01,14,2719,0.5,99,-32.2,111,-27.0,2.5632,-11.6,0:01:33
2026-08-02,33,2752,1.2,180,81.8,192,73.0,3.704,44.5,0:01:14
2026-08-03,29,2781,1.1,227,26.1,239,24.5,2.5943,-30.0,0:00:41
2026-08-04,35,2816,1.3,232,2.2,247,3.3,3.4905,34.5,0:00:54
2026-08-05,32,2848,1.1,228,-1.7,237,-4.0,4.5393,30.0,0:01:11
2026-08-06,30,2878,1.1,246,7.9,260,9.7,5.1838,14.2,0:01:15
2026-08-07,39,2917,1.4,228,-7.3,240,-7.7,2.7178,-47.6,0:00:42
2026-08-08,27,2944,0.9,213,-6.6,222,-7.5,3.7284,37.2,0:01:02
2026-08-09,35,2979,1.2,180,-15.5,208,-6.3,3.8079,2.1,0:01:16
2026-08-10,36,3015,1.2,199,10.6,207,-0.5,4.285,12.5,0:01:17
2026-08-11,40,3055,1.3,207,4.0,217,4.8,3.8225,-10.8,0:01:06
2026-08-12,35,3090,1.1,174,-15.9,184,-15.2,2.7956,-26.9,0:00:57
2026-08-13,37,3127,1.2,179,2.9,187,1.6,2.3171,-17.1,0:00:46
2026-08-14,25,3152,0.8,232,29.6,239,27.8,3.5172,51.8,0:00:54
2026-08-15,30,3182,1.0,238,2.6,246,2.9,4.0226,14.4,0:01:00
2026-08-16,13,3195,0.4,128,-46.2,142,-42.3,3.4393,-14.5,0:01:36
2026-08-17,-1,3194,0.0,53,-58.6,55,-61.3,2.4898,-27.6,0:02:49
2026-08-18,0,3194,0.0,43,-18.9,50,-9.1,2.3531,-5.5,0:03:16
2026-08-19,-1,3193,0.0,62,44.2,68,36.0,1.8928,-19.6,0:01:49
2026-08-20,1,3194,0.0,38,-38.7,46,-32.4,1.2375,-34.6,0:01:56
2026-08-21,0,3194,0.0,75,97.4,88,91.3,2.1933,77.2,0:01:45
2026-08-22,-2,3192,-0.1,69,-8.0,74,-15.9,2.9774,35.7,0:02:35
2026-08-23,0,3192,0.0,56,-18.8,64,-13.5,2.1519,-27.7,0:02:18
2026-08-24,0,3192,0.0,37,-33.9,46,-28.1,0.8539,-60.3,0:01:22
2026-08-25,0,3192,0.0,58,56.8,87,89.1,1.3328,56.1,0:01:22
2026-08-26,0,3192,0.0,49,-15.5,55,-36.8,2.3975,79.9,0:02:56
2026-08-27,0,3192,0.0,44,-10.2,73,32.7,2.0334,-15.2,0:02:45
2026-08-28,0,3192,0.0,60,36.4,84,15.1,2.8349,39.4,0:02:49
2026-08-29,0,3192,0.0,55,-8.3,84,0.0,2.6598,-6.2,0:02:53
2026-08-30,-2,3190,-0.1,71,29.1,89,6.0,2.5126,-5.5,0:02:07
2026-08-31,0,3190,0.0,62,-12.7,100,12.4,1.602,-36.2,0:01:32
2026-09-01,0,3190,0.0,58,-6.5,100,0.0,1.7707,10.5,0:01:48
2026-09-02,-2,3188,-0.1,98,69.0,172,72.0,2.5727,45.3,0:01:33
2026-09-03,0,3188,0.0,164,67.3,321,86.6,3.6909,43.5,0:01:20
2026-09-04,0,3188,0.0,70,-57.3,121,-62.3,1.999,-45.8,0:01:42
2026-09-05,-1,3187,0.0,61,-12.9,95,-21.5,1.3875,-30.6,0:01:21
2026-09-06,-1,3186,0.0,57,-6.6,84,-11.6,2.1714,56.5,0:02:16
2026-09-07,0,3186,0.0,52,-8.8,83,-1.2,1.9208,-11.5,0:02:12
2026-09-08,-1,3185,0.0,60,15.4,76,-8.4,1.7335,-9.8,0:01:43
2026-09-09,0,3185,0.0,74,23.3,114,50.0,1.9152,10.5,0:01:32
2026-09-10,0,3185,0.0,90,21.6,137,20.2,1.3978,-27.0,0:00:55
2026-09-11,0,3185,0.0,83,-7.8,145,5.8,1.9396,38.8,0:01:23
2026-09-12,0,3185,0.0,67,-19.3,152,4.8,2.9583,52.5,0:02:33
2026-09-13,0,3185,0.0,50,-25.4,87,-42.8,1.1591,-60.8,0:01:22
2026-09-14,-1,3184,0.0,51,2.0,81,-6.9,2.4176,108.6,0:02:49
2026-09-15,0,3184,0.0,39,-23.5,59,-27.2,1.4517,-40.0,0:02:13
2026-09-16,0,3184,0.0,65,66.7,105,78.0,1.4608,0.6,0:01:20
2026-09-17,-2,3182,-0.1,47,-27.7,67,-36.2,2.2108,51.3,0:02:49
2026-09-18,-1,3181,0.0,96,104.3,142,111.9,3.4073,54.1,0:02:07
2026-09-19,0,3181,0.0,61,-36.5,95,-33.1,2.0262,-40.5,0:01:59
2026-09-20,22,3203,0.7,173,183.6,224,135.8,4.0002,97.4,0:01:22
2026-09-21,34,3237,1.1,185,6.9,226,0.9,3.7103,-7.2,0:01:11
2026-09-22,30,3267,0.9,192,3.8,211,-6.6,3.9111,5.4,0:01:13
2026-09-23,24,3291,0.7,205,6.8,226,7.1,3.0556,-21.9,0:00:53
2026-09-24,17,3308,0.5,181,-11.7,213,-5.8,2.8578,-6.5,0:00:55
2026-09-25,22,3330,0.7,239,32.0,283,32.9,4.7513,66.3,0:01:11
2026-09-26,28,3358,0.8,272,13.8,299,5.7,3.8475,-19.0,0:00:50
2026-09-27,29,3387,0.9,221,-18.8,243,-18.7,2.6177,-32.0,0:00:42
